,start_station_id,start_lat,start_lng,borough,zip
0,7756.10,40.811388254,-73.95199453800001,Manhattan,10027
1,4458.06,40.688444972,-73.93319451800001,Brooklyn,11221
2,5164.05,40.71036129922581,-73.96530389785768,Brooklyn,11249
3,7382.04,40.78499979,-73.97283406,Manhattan,10024
4,5159.04,40.71173107,-73.99193043,Manhattan,10002
5,4010.13,40.675020700000005,-73.97111473,Brooklyn,11238
6,6331.01,40.749156,-73.9916,Manhattan,10001
7,4939.07,40.702013,-73.923769,Brooklyn,11237
8,6115.09,40.742753828659026,-74.00747358798982,Manhattan,10014
10,6860.12,40.76471851944339,-73.96222069859505,Manhattan,10065
11,8092.06,40.832213044,-73.919052601,The Bronx,10456
12,7432.04,40.790080309000004,-73.972931027,Manhattan,10024
13,5826.02,40.73232194,-73.9550858,Brooklyn,11222
15,7149.05,40.77444756,-73.984814405,Manhattan,10023
16,6345.08,40.748046875,-73.973861933,Manhattan,10016
17,4895.03,40.702461,-73.98684200000001,Brooklyn,11201
19,5847.06,40.73342399437081,-74.00851495563984,Manhattan,10014
20,5442.05,40.71915571696044,-73.94885390996933,Brooklyn,11222
21,8707.01,40.871559999999995,-73.89714000000001,The Bronx,10468
22,6953.08,40.768994927,-73.954663277,Manhattan,10021
23,7121.02,40.77391390238118,-73.9543953537941,Manhattan,10075
26,7235.13,40.778301,-73.9488134,Manhattan,10128
28,6464.08,40.75255434,-73.97282625,Manhattan,10017
34,7670.09,40.804372,-73.951475,Manhattan,10026
36,6599.01,40.757284000000006,-73.9536,Manhattan,10044
41,7809.13,40.81449,-73.936153,Manhattan,10030
46,7901.04,40.820036,-73.92141099999999,The Bronx,10451
50,8416.07,40.852538,-73.93441,Manhattan,10033
52,8241.07,40.842161894,-73.898547053,The Bronx,10457
61,4903.09,40.702709000000006,-73.99253,Brooklyn,11201
69,7937.15,40.821294,-73.947868,Manhattan,10031
71,4157.10,40.6794388,-73.96804379999999,Brooklyn,11213
72,5010.02,40.705614000000004,-73.92153,Brooklyn,11237
73,6474.12,40.752631903,-73.980020165,Manhattan,10017
74,7788.13,40.811902404,-73.904241085,The Bronx,10458
84,4217.02,40.6802133,-73.98432695,Brooklyn,11217
85,6122.09,40.741723510974715,-73.97809267044067,Manhattan,10016
86,6030.06,40.739415884,-73.999332666,Manhattan,10011
87,5230.02,40.71332151208186,-73.99009689688683,Manhattan,10002
88,7713.11,40.808383942,-73.964562535,Manhattan,10027
90,4395.07,40.685107230999996,-73.977637053,Brooklyn,11217
92,6656.05,40.7576314,-73.9391224,Queens,11101
94,6089.07,40.74025878,-73.98409214,Manhattan,10037
95,7879.01,40.816827,-73.917338,The Bronx,10451
96,6495.17,40.75186951421875,-73.93349289894103,Queens,11101
98,7059.08,40.77237,-73.99005,Manhattan,10069
99,6726.01,40.76030096,-73.99884222,Manhattan,10018
100,4623.02,40.693000000000005,-73.90824,Brooklyn,11237
101,4452.01,40.68900443,-73.96023854,Brooklyn,11221
102,4759.02,40.69757,-73.93098,Brooklyn,11221
106,4596.05,40.69221589,-73.9842844,Brooklyn,11201
108,4151.01,40.678724200000005,-73.99599099,Brooklyn,11231
110,5190.09,40.711471394469264,-73.98672603070736,Manhattan,10002
119,5746.02,40.72970805644994,-73.98659795522691,Manhattan,10003
121,7991.01,40.824796,-73.90241999999999,The Bronx,10456
122,5561.04,40.72317958,-73.99480012,Manhattan,10012
125,6248.06,40.7451677,-73.98683077,Manhattan,10035
128,7800.03,40.813358,-73.956461,Manhattan,10115
129,5414.06,40.72019576,-73.98997825,Manhattan,10002
133,6782.01,40.76115787,-73.91699171100001,Queens,11103
134,6536.02,40.754176,-73.900318,Queens,11377
136,6233.05,40.74334935,-74.00681753,Manhattan,10011
137,6560.15,40.7529728216068,-73.98734897375105,Manhattan,10018
138,6247.06,40.746646999999996,-73.993915,Manhattan,10001
139,6173.08,40.74286877312112,-73.98918628692627,Manhattan,10019
140,6157.04,40.74198159994023,-74.00831580162048,Manhattan,10019
142,5721.14,40.72917025,-73.99810231,Manhattan,10012
143,5303.06,40.715633392,-73.98710024399999,Manhattan,10002
144,4756.04,40.698458,-73.997178,Brooklyn,11201
150,4889.06,40.701907,-74.013942,Manhattan,10004
151,4931.05,40.703531981,-73.91800510899999,Brooklyn,11385
152,4954.07,40.70408,-73.90408000000001,Queens,11385
153,4812.02,40.698399,-73.980689,Brooklyn,11251
155,5099.02,40.710190000000004,-73.93734,Brooklyn,11211
158,6964.05,40.76817,-73.896293,Queens,11370
159,5550.05,40.723059773,-73.95223248,Brooklyn,11249
161,5820.08,40.731539374640725,-73.9853024482727,Manhattan,10035
164,6212.04,40.744325638,-73.95579803,Queens,11109
167,7144.02,40.776168,-73.910485,Queens,11101
170,6890.06,40.76473420006519,-73.99194359779358,Manhattan,10019
171,7927.08,40.821083546,-73.89507532100001,The Bronx,10459
172,6131.13,40.742751796489955,-73.98471571505071,Manhattan,10010
175,7619.05,40.7997568,-73.9621128676,Manhattan,10025
176,5687.04,40.72710258,-74.00297088,Manhattan,10012
177,5184.08,40.711444,-74.014847,Manhattan,10281
178,7116.04,40.77492513,-73.98266566,Manhattan,10023
180,7152.10,40.774591,-73.918544,Queens,11105
181,7579.01,40.7974772,-73.9311847,Manhattan,10035
182,4494.04,40.688713789,-73.964808583,Brooklyn,11205
183,4307.13,40.6828003,-73.99990419,Brooklyn,11231
185,8084.03,40.830381513,-73.904598713,The Bronx,10456
186,7716.19,40.806414000000004,-73.93608499999999,Manhattan,10035
187,5294.04,40.71424520000001,-73.981074929,Manhattan,10002
188,6206.08,40.74444921,-73.98303529,Manhattan,10016
189,6498.10,40.75323098,-73.97032517,Manhattan,10017
190,7842.16,40.816345096,-73.954306245,Manhattan,10027
191,6575.03,40.755293,-73.967641,Manhattan,10022
192,7204.08,40.777929544,-73.94598662899999,Manhattan,10128
193,6691.11,40.759178995999996,-73.96718490100001,Manhattan,10022
194,7611.02,40.799139000000004,-73.9389152,Manhattan,10035
195,4455.10,40.688255165980046,-73.99545192718506,Brooklyn,11201
196,7344.05,40.7835016,-73.955327,Manhattan,10128
197,5235.05,40.71260486,-73.96264403,Brooklyn,11211
198,6022.04,40.73726186,-73.99238967,Manhattan,10003
199,5755.09,40.73049393,-73.99572140000001,Manhattan,10012
202,5279.03,40.71494807,-74.00234482,Manhattan,10013
205,7393.09,40.787801,-73.953559,Manhattan,10129
206,5788.16,40.73127,-73.98849,Manhattan,10009
210,6322.01,40.74765947,-73.98490707,Manhattan,10016
211,6266.06,40.745262146,-74.002253056,Manhattan,10011
221,8068.01,40.8300699,-73.907717824,The Bronx,10456
224,5575.08,40.72580614,-73.97422494,Manhattan,10009
226,7814.01,40.813539,-73.94521,Manhattan,10027
233,5326.06,40.71782143,-73.97628939,Manhattan,10002
236,6046.02,40.73912601,-73.97973776,Manhattan,10010
237,5838.09,40.73224119,-74.00026394,Manhattan,10011
241,5553.03,40.72467721,-73.98783413,Manhattan,10009
242,6912.01,40.7667405590595,-73.9790689945221,Manhattan,10019
243,5626.06,40.724532723,-73.983899713,Manhattan,10009
244,5905.12,40.73454567,-73.99074142,Manhattan,10003
245,6364.07,40.74901271,-73.98848395,Manhattan,10019
247,7207.08,40.777419925,-73.982759118,Manhattan,10069
248,6055.08,40.73827428,-73.98751968,Manhattan,10003
262,6358.05,40.75001640425933,-73.91540944576262,Queens,11104
273,4971.01,40.704876,-73.919911,Brooklyn,11237
274,6779.04,40.76228826,-73.98336183,Manhattan,10019
275,4077.04,40.67469570000001,-73.99785768,Brooklyn,11231
276,5329.03,40.71754834,-74.01322069,Manhattan,10282
278,3736.03,40.665816,-73.95693399999999,Brooklyn,11226
281,5065.12,40.70717936,-74.00887308,Manhattan,10045
282,5636.11,40.72743423,-73.99379025,Manhattan,10012
283,5644.05,40.726378000000004,-74.000472,Manhattan,10012
284,6459.04,40.75066386,-74.00176802,Manhattan,10001
285,5250.05,40.71247661,-73.94100005,Brooklyn,11207
288,5481.04,40.72179134,-73.95041540000001,Brooklyn,11211
293,6450.05,40.7505853470215,-73.9946848154068,Manhattan,10119
297,5096.12,40.7075188830923,-74.00108054280281,Manhattan,10038
299,4461.04,40.68940747,-73.96885458,Brooklyn,11221
301,5914.03,40.73532427,-73.99800419,Manhattan,10014
303,3579.04,40.659586906,-73.980336308,Brooklyn,11215
304,4821.03,40.700119,-73.9862,Brooklyn,11251
306,6502.01,40.753146529,-73.905867457,Queens,11377
307,5679.08,40.726156049804075,-73.99510189890863,Manhattan,10012
308,5207.01,40.71273266,-74.0046073,Manhattan,10000
310,5523.02,40.72229346,-73.99147535,Manhattan,10002
314,6224.05,40.74345335,-74.00004031,Manhattan,10011
316,6654.05,40.757494926,-73.901507139,Queens,11369
319,5198.04,40.71076228,-73.99400398,Manhattan,10002
323,6659.01,40.75714758,-73.97207836,Manhattan,10022
324,8650.11,40.867505,-73.926363,Manhattan,10034
332,8033.09,40.827075,-73.945909,Manhattan,10031
335,6004.07,40.7381765,-73.97738662,Manhattan,10010
369,4546.05,40.6917823,-73.97372990000001,Brooklyn,11205
392,6148.02,40.74177603,-74.00149746,Manhattan,10011
395,7704.04,40.8078316,-73.949373,Manhattan,10027
404,7667.04,40.80295,-73.942954,Manhattan,10037
407,5989.02,40.73804614248277,-73.99642959237099,Manhattan,10011
408,6432.10,40.752049,-73.979635,Manhattan,10017
410,4729.01,40.69681963,-73.93756926,Brooklyn,11237
411,6830.02,40.763954,-73.9646,Manhattan,10065
413,3874.01,40.670480966999996,-73.982104301,Brooklyn,11215
415,5303.08,40.71427487,-73.98990025,Manhattan,10002
416,6608.09,40.756265,-73.964179,Manhattan,10022
417,7311.02,40.7829391,-73.9786517,Manhattan,10024
418,6626.11,40.757769,-73.979294,Manhattan,10020
423,7354.01,40.78476,-73.969862,Manhattan,10024
424,5997.10,40.73752993301071,-74.00558933615685,Manhattan,10014
425,4614.04,40.69165183,-73.99997859999999,Brooklyn,11231
429,4680.05,40.69502,-73.92825,Brooklyn,11221
430,8299.03,40.846052,-73.937648,Manhattan,10033
437,8226.06,40.840896031930406,-73.93972098827362,Manhattan,10031
439,6809.09,40.763189000000004,-73.978434,Manhattan,10019
440,4278.03,40.682601,-73.938037,Brooklyn,11216
443,7288.04,40.780577990103346,-73.98562431335448,Manhattan,10069
445,6432.11,40.750756,-73.978326,Manhattan,10016
446,5470.02,40.719902276999996,-74.008426309,Manhattan,10013
447,3303.01,40.649681,-73.96782900000001,Brooklyn,11226
448,6462.05,40.7535992020056,-73.9379560947418,Queens,11101
452,3731.11,40.663798213,-73.984028459,Brooklyn,11215
460,4166.08,40.679228067,-73.975046277,Brooklyn,11217
462,7818.17,40.814527154000004,-73.953497052,Manhattan,10027
467,6435.02,40.751757264,-73.91501987,Queens,11101
471,3665.06,40.6627059,-73.9569115,Brooklyn,11225
477,5872.10,40.732758870450866,-73.99581670761107,Manhattan,10003
478,5342.10,40.71605866,-73.99190759,Manhattan,10002
482,5929.01,40.736502,-73.97809472,Manhattan,10010
484,7712.06,40.808484,-73.928803,The Bronx,10454
490,6890.01,40.766518593,-73.990802288,Manhattan,10019
491,4074.03,40.676458001,-73.959629059,Brooklyn,11238
494,4422.04,40.6859296,-74.00242364,Brooklyn,11231
495,7976.08,40.823510051,-73.94406557100001,Manhattan,10030
496,4028.03,40.675070500000004,-73.98775226,Brooklyn,11215
499,6115.06,40.74015379,-74.005342007,Manhattan,10014
500,5159.07,40.70991806921533,-73.99161100387573,Manhattan,10038
502,5955.12,40.735918,-74.000939,Manhattan,10014
505,5382.06,40.718821999999996,-73.99596,Manhattan,10013
507,3996.01,40.672617435,-73.989687085,Brooklyn,11215
508,6740.01,40.76132983124814,-73.97982001304626,Manhattan,10019
510,7803.02,40.812655926,-73.929380298,The Bronx,10451
512,6762.04,40.76312584,-73.96526895,Manhattan,10065
513,4455.11,40.686175799999994,-73.99645295,Brooklyn,11231
516,5998.09,40.7388,-73.90338,Queens,11377
524,5167.06,40.71117416,-74.00016545,Manhattan,10038
530,6659.03,40.759358406,-73.974022508,Manhattan,10055
531,6483.06,40.752148999999996,-73.98953900000001,Manhattan,10018
532,3993.03,40.672695000000004,-73.954131,Brooklyn,11216
533,5343.11,40.717318403855785,-73.99067759513855,Manhattan,10002
536,4953.04,40.70355377,-74.00670227,Manhattan,10041
539,8029.28,40.826481462,-73.937861443,Manhattan,10039
541,5359.10,40.716236949,-74.009166837,Manhattan,10014
542,6316.05,40.74732,-73.91197,Queens,11377
545,5772.07,40.731421000000005,-74.01078000000001,Manhattan,10014
547,4689.03,40.695440000000005,-73.93223,Brooklyn,11221
548,6884.03,40.765959181657976,-73.98313522338867,Manhattan,10019
549,6158.02,40.741929999999996,-73.90913,Queens,11377
550,5021.05,40.70656367467093,-73.9683187007904,Brooklyn,11211
551,5445.07,40.720746999999996,-73.986274,Manhattan,10002
556,5374.01,40.7172274,-73.98802084,Manhattan,10002
558,4371.01,40.68542400997018,-73.99127773940562,Brooklyn,11201
564,6569.09,40.754145192635185,-73.9960889518261,Manhattan,10001
565,3978.13,40.671197799999995,-73.97484126,Brooklyn,11215
570,7741.01,40.809924722,-73.955175161,Manhattan,10027
579,6932.14,40.767830491,-73.965657115,Manhattan,10065
583,4715.01,40.694452405,-73.958131671,Brooklyn,11205
589,5105.09,40.70858894240581,-74.00935482235809,Manhattan,10005
590,5593.01,40.72335597960796,-73.9886498451233,Manhattan,10012
597,6039.06,40.739323,-74.008119,Manhattan,10014
598,5626.13,40.72779126,-73.98564945,Manhattan,10003
601,5267.08,40.71286844,-73.95698119,Brooklyn,11211
602,4175.15,40.6772744,-73.98282002,Brooklyn,11215
604,6626.01,40.75724567911726,-73.97805914282799,Manhattan,10017
605,7443.01,40.78948541553215,-73.9524292945862,Manhattan,10037
606,5659.11,40.727464206923926,-73.97950418293476,Manhattan,10009
609,4422.05,40.68763155,-74.0016256,Brooklyn,11231
617,7691.05,40.805701,-73.925177,The Bronx,10454
618,3803.09,40.668127,-73.98377641,Brooklyn,11215
622,6560.14,40.754818,-73.98815400000001,Manhattan,10018
624,6030.04,40.73781509,-73.99994661,Manhattan,10011
625,5712.12,40.72769,-73.990993,Manhattan,10003
627,6526.05,40.75461,-73.99176999999999,Manhattan,10018
629,6464.09,40.752643,-73.97499599999999,Manhattan,10017
631,4222.02,40.680342423,-73.9557689392,Brooklyn,11216
638,5156.05,40.709340000000005,-73.95608,Brooklyn,11211
641,7154.07,40.77573034,-73.9567526,Manhattan,10028
647,5090.06,40.70686,-73.92851,Brooklyn,11237
650,5785.05,40.730259999999994,-73.95394,Brooklyn,11222
657,5187.03,40.71167351,-73.95141312,Brooklyn,11211
665,4582.08,40.690434,-73.90373699999999,Brooklyn,11207
666,5944.01,40.735640000000004,-73.95866,Brooklyn,11222
668,6989.07,40.76991760000001,-73.91840570000001,Queens,11101
671,6809.07,40.76340613,-73.97722479,Manhattan,10019
675,7284.01,40.780478,-73.912212,Queens,11102
676,7100.07,40.77282817,-73.96685276,Manhattan,10065
677,6438.04,40.7519071,-73.94791190000001,Queens,11101
683,4416.10,40.687129999999996,-73.93008,Brooklyn,11221
684,5359.12,40.717331052,-74.009584904,Manhattan,10013
685,8566.05,40.861641526,-73.898274422,The Bronx,10468
711,7003.06,40.7692475,-73.93545040000001,Queens,11106
725,5004.02,40.70538077,-73.94976519,Brooklyn,11206
728,3230.01,40.648524165,-73.970509171,Brooklyn,11218
737,6422.08,40.750441431999995,-73.971011281,Manhattan,10017
738,6004.06,40.739445,-73.97680600000001,Manhattan,10016
739,6584.12,40.75510267,-73.97498696,Manhattan,10017
740,7713.01,40.805973,-73.964928,Manhattan,10025
761,7650.05,40.8021174,-73.9681805305,Manhattan,10025
762,4339.01,40.6849894,-73.99440329,Brooklyn,11231
763,6896.16,40.76712840349542,-73.96224617958069,Manhattan,10021
764,6611.02,40.75660359,-73.9979009,Manhattan,10018
765,8532.03,40.859306216,-73.933831215,Manhattan,10040
769,7981.16,40.82468617,-73.951905608,Manhattan,10031
778,3138.09,40.644512,-74.021506,Brooklyn,11220
788,4677.01,40.69595468,-73.990155816,Brooklyn,11201
799,4175.14,40.67927879999999,-73.98154004,Brooklyn,11217
807,7751.05,40.811301947,-73.907826662,The Bronx,10455
808,3166.03,40.645074,-73.979681,Brooklyn,11218
813,7688.12,40.805159,-73.95469200000001,Manhattan,10026
817,5938.11,40.735367055605394,-73.98797392845155,Manhattan,10003
819,7141.07,40.77579376683666,-73.97620573639871,Manhattan,10023
820,6923.20,40.7675487799971,-73.92093345522879,Queens,11101
821,5854.09,40.73381219196632,-73.9805442094803,Manhattan,10010
822,3960.01,40.672168299999996,-73.9609,Brooklyn,11238
823,7243.04,40.77862688,-73.95772073,Manhattan,10028
824,6765.01,40.76087502,-74.00277668,Manhattan,10199
825,3538.09,40.656290000000006,-73.977335,Brooklyn,11218
828,5308.04,40.71534825,-73.96024116,Brooklyn,11249
830,6471.02,40.75331533,-73.943554282,Queens,11101
833,8036.05,40.827180028,-73.917720199,The Bronx,10456
839,8018.04,40.827300906,-73.951978207,Manhattan,10031
842,4479.10,40.688735127,-73.985372543,Brooklyn,11217
857,7863.03,40.817348599,-73.923003197,The Bronx,10455
858,7260.09,40.779474854,-73.981234193,Manhattan,10024
859,7759.08,40.81093,-73.92160600000001,The Bronx,10454
860,6379.03,40.749646664000004,-73.969290257,Manhattan,10158
862,5450.04,40.72079821,-73.95484712,Brooklyn,11211
863,4434.06,40.686183214,-73.944718361,Brooklyn,11216
867,5204.05,40.71285887,-73.96590294,Brooklyn,11211
872,6703.06,40.760677934,-73.911055207,Queens,11103
873,6747.07,40.76171227910671,-73.98655101656914,Manhattan,10019
875,5051.01,40.707165,-73.923711,Brooklyn,11385
892,5964.01,40.736110687,-74.008725166,Manhattan,10014
898,6629.06,40.755763,-73.912715,Queens,11103
901,5860.02,40.733959999999996,-73.95204,Brooklyn,11222
917,5105.01,40.70905623,-74.01043382,Manhattan,10005
920,5300.05,40.71413311,-73.95234386,Brooklyn,11211
925,7974.01,40.823871999999994,-73.908699,The Bronx,10456
928,4818.03,40.70029511,-73.95032283,Brooklyn,11211
930,5210.01,40.713229999999996,-73.93894,Brooklyn,11211
936,5509.02,40.72231,-74.0106,Manhattan,10013
943,4125.07,40.67761470000001,-73.97324283,Brooklyn,11217
944,7212.05,40.778024673000004,-73.954335332,Manhattan,10028
950,5335.07,40.71511871996496,-73.98417055606842,Manhattan,10002
951,6190.08,40.74317449,-74.00366443,Manhattan,10019
952,7123.04,40.77515953434235,-73.98918695747851,Manhattan,10023
953,6064.08,40.73971301,-73.99456405,Manhattan,10011
954,7745.07,40.8109494,-73.9634,Manhattan,10027
956,6517.08,40.755216479,-73.984683275,Manhattan,10036
957,5977.01,40.73555,-73.95284000000001,Brooklyn,11109
960,6816.07,40.76370739,-73.9851615,Manhattan,10019
961,5411.07,40.71924,-73.95241999999999,Brooklyn,11211
962,7654.04,40.804248095,-73.911671519,The Bronx,10454
963,5593.04,40.726231933,-73.98962688399999,Manhattan,10003
965,5489.03,40.72051239,-73.96153056600001,Brooklyn,11211
967,4362.04,40.6853761,-73.98302136,Brooklyn,11217
968,6089.08,40.741459000000006,-73.983293,Manhattan,10037
969,7340.07,40.783786,-73.981687,Manhattan,10024
971,6197.02,40.74290902,-73.97706058,Manhattan,10016
974,6774.13,40.761323929,-73.909582853,Queens,11103
994,3946.07,40.672784,-73.979826,Brooklyn,11215
997,5137.11,40.709750652,-74.006515622,Manhattan,10038
998,4843.01,40.6999974843885,-73.97440128028394,Brooklyn,11251
1010,7646.04,40.802692,-73.96295,Manhattan,10025
1023,4792.03,40.700003,-73.92834,Brooklyn,11237
1026,6569.08,40.754691750226016,-73.9974018931389,Manhattan,10001
1028,4762.05,40.69795031569544,-73.97077560424805,Brooklyn,11251
1029,5282.02,40.713811,-73.93515,Brooklyn,11211
1031,3651.04,40.6610633719006,-73.97945255041121,Kings County,11215
1032,4348.07,40.6830456,-74.00348559,Brooklyn,11231
1033,6541.03,40.7546011026,-73.971878855,Manhattan,10017
1034,6389.09,40.749354005,-73.976911783,Manhattan,10016
1035,5886.13,40.73320862652242,-73.97568136470001,Manhattan,10010
1036,5788.13,40.73020660529954,-73.99102628231049,Manhattan,10003
1037,5626.15,40.72633085971696,-73.98616880178452,Manhattan,10009
1038,6593.15,40.756951,-73.98263100000001,Manhattan,10019
1042,5270.09,40.71310702305908,-73.99446353316306,Manhattan,10002
1044,7388.10,40.78720869,-73.98128127,Manhattan,10024
1046,5847.01,40.73291553,-74.00711384,Manhattan,10014
1049,5971.09,40.73716919369882,-73.98122549057005,Manhattan,10010
1052,4095.10,40.675832943912894,-74.01472628116608,Brooklyn,11231
1056,4228.06,40.680475473,-73.92823422,Brooklyn,11233
1058,3987.06,40.672815500000006,-73.98352355,Brooklyn,11209
1065,5515.08,40.723346832180155,-73.98265913128853,Manhattan,10009
1066,6089.11,40.740693177330435,-73.98160636425018,Manhattan,10016
1071,6786.02,40.76153045158114,-73.99007007479669,Manhattan,10036
1094,8060.01,40.830158353,-73.892159462,The Bronx,10459
1099,4319.07,40.68232429,-73.943979621,Brooklyn,11233
1101,8123.02,40.83299,-73.94592,Manhattan,10032
1113,6191.06,40.745140672,-73.90355300899999,Queens,11377
1138,7540.02,40.794509768000005,-73.936090589,Manhattan,10029
1141,7712.04,40.807287812,-73.927106142,The Bronx,10454
1151,6364.10,40.749708055999996,-73.988172531,Manhattan,10001
1153,5492.05,40.72210378668603,-73.99724900722505,Manhattan,10012
1155,6753.08,40.761227399999996,-73.96094022,Manhattan,10065
1157,3344.02,40.651565999999995,-73.972212,Brooklyn,11218
1166,7338.02,40.7839636,-73.94716729999999,Manhattan,10035
1167,7680.03,40.804319381999996,-73.967020869,Manhattan,10025
1168,7524.16,40.793144941,-73.977016687,Manhattan,10024
1174,5453.06,40.720522523,-73.994820833,Manhattan,10012
1175,6128.04,40.74252,-73.948852,Queens,11101
1195,7456.03,40.7892529,-73.93956237,Manhattan,10029
1205,5785.10,40.73124,-73.95161,Brooklyn,11222
1263,5106.04,40.70964396,-73.907789111,Queens,11237
1264,5506.10,40.72368361,-73.97574813,Manhattan,10009
1265,6140.05,40.74173969,-73.99415556,Manhattan,10011
1268,4519.04,40.690730095,-73.951366305,Brooklyn,11221
1273,8118.02,40.83171,-73.90208,The Bronx,10456
1274,7920.05,40.819746,-73.951819,Manhattan,10031
1276,6747.06,40.76227205,-73.98788205,Manhattan,10019
1279,4497.09,40.689384937,-73.99939978100001,Brooklyn,11201
1283,6842.02,40.763328,-73.90878199999999,Queens,11101
1286,8748.02,40.874161363,-73.883375049,The Bronx,10458
1288,6292.03,40.745646477,-73.92406916600001,Queens,11104
1302,3668.04,40.662584,-73.995554,Kings County,11232
1309,5216.06,40.71221958009051,-74.01047229766846,Manhattan,10281
1315,7407.13,40.7869946,-73.94164802,Manhattan,10029
1317,4846.01,40.70118773,-74.012408257,Manhattan,10004
1319,6526.01,40.752762088742045,-73.99280458705105,Manhattan,10001
1324,4134.06,40.67653,-73.97846899999999,Brooklyn,11217
1326,8458.03,40.855331,-73.937878,Manhattan,10033
1337,7049.04,40.7724607,-73.9468208,Manhattan,10028
1339,7723.01,40.809725,-73.953149,Manhattan,10027
1343,4437.01,40.68683208,-73.9796772,Kings County,11227
1346,7648.16,40.802554,-73.933509,Manhattan,10035
1347,6492.04,40.75377336836039,-73.99937599897385,Manhattan,10001
1350,3779.02,40.666168,-73.995549,Kings County,11215
1359,4419.03,40.68650065,-73.96563307,Brooklyn,11238
1381,8009.05,40.825204849,-73.93632245100001,Manhattan,10039
1401,7701.21,40.80722,-73.9418,Manhattan,10027
1416,8379.07,40.850885,-73.906469,The Bronx,10453
1421,4751.01,40.697842,-73.926241,Brooklyn,11221
1422,5470.12,40.720184445,-74.01011276199999,Manhattan,10013
1423,5137.10,40.71146364,-74.00552427,Manhattan,10038
1425,5703.13,40.72854745023944,-73.98175925016403,Manhattan,10009
1426,4042.08,40.673940897,-73.96718215899999,Brooklyn,11238
1427,5117.05,40.70877084,-73.95095259,Brooklyn,00000
1428,7884.04,40.818159938,-73.92527771,The Bronx,10455
1429,5794.05,40.731734785883454,-73.96123901025929,Brooklyn,11222
1433,4380.08,40.684751399999996,-73.99917254,Brooklyn,11231
1439,5247.10,40.714794874,-74.00586259399999,Manhattan,10007
1442,4634.02,40.693328738000005,-73.953926802,Brooklyn,11205
1450,6257.03,40.744753838,-73.995524168,Manhattan,10011
1451,5755.14,40.73143724085228,-73.99490341544151,Manhattan,10012
1458,5433.04,40.71882,-73.93948,Brooklyn,11211
1495,7657.03,40.803399,-73.919763,The Bronx,10454
1507,7188.10,40.776675105,-73.958927035,Manhattan,10028
1509,7079.06,40.773462892,-73.977774978,Manhattan,10023
1511,4107.05,40.6758324,-73.95616770000001,Brooklyn,11238
1513,6218.04,40.74431,-73.92600999999999,Queens,11101
1515,4628.07,40.693534,-73.981909,Brooklyn,11201
1516,7886.02,40.818298999999996,-73.96040500000001,Manhattan,10115
1517,6578.01,40.75594159,-74.0021163,Manhattan,10199
1518,4281.08,40.681030035,-73.975760221,Brooklyn,11213
1519,6182.02,40.74238787,-73.99726235,Manhattan,10011
1520,8664.06,40.86813,-73.88412,The Bronx,10458
1522,8327.15,40.846011,-73.919637,The Bronx,10453
1523,5238.05,40.71307916,-73.99851193,Manhattan,10278
1524,3981.10,40.673551917,-74.012076735,Brooklyn,11231
1525,4608.01,40.693530917,-73.928690672,Brooklyn,11207
1527,7365.13,40.7849032,-73.950503,Manhattan,10128
1528,8394.15,40.851024985,-73.928974628,Manhattan,10033
1529,4249.10,40.68177810928761,-73.97988975048065,Brooklyn,11217
1532,4732.08,40.697787,-73.973736,Brooklyn,11238
1533,5027.02,40.705517,-73.93936,Brooklyn,11207
1535,8571.02,40.862886906,-73.90317761899999,The Bronx,10468
1539,4668.08,40.69474881,-73.98362464,Brooklyn,11201
1540,5847.08,40.73191132323174,-74.008769094944,Manhattan,10014
1548,6717.06,40.76019252,-73.9912551,Manhattan,10019
1549,6756.05,40.761779189,-73.997148752,Manhattan,10036
1550,6955.01,40.768323302,-73.98884058,Manhattan,10019
1551,5297.02,40.715337899999994,-74.01658354,Manhattan,10285
1552,6925.09,40.7687620293096,-73.95840793848038,Manhattan,10035
1553,6948.10,40.76695317,-73.98169333,Manhattan,10019
1554,6395.01,40.75052534,-73.94594845,Queens,11101
1556,4019.06,40.6740886,-73.9787282,Brooklyn,11215
1558,7092.06,40.77314236,-73.95856158,Manhattan,10075
1559,6732.01,40.761573,-73.972628,Manhattan,10022
1560,5065.04,40.70862144,-74.00722156,Manhattan,10038
1569,3842.08,40.668662786,-73.986965895,Brooklyn,11215
1573,4550.05,40.68929,-73.90951,Brooklyn,11207
1575,6602.05,40.75756989999999,-73.99098507,Manhattan,10036
1577,3722.04,40.664949298,-73.976340771,Brooklyn,11215
1578,5506.14,40.72228087,-73.97668709,Manhattan,10009
1580,5755.01,40.72903917,-73.99404649,Manhattan,10012
1581,5659.05,40.72740794,-73.98142006,Manhattan,10009
1583,6310.06,40.7485,-73.941275,Queens,11101
1586,6306.06,40.74691959,-74.00451887,Manhattan,10011
1588,5108.01,40.708663105999996,-73.944955587,Brooklyn,11206
1589,5125.07,40.709261179,-73.960641623,Brooklyn,11207
1592,5616.08,40.727243,-73.976831,Manhattan,10009
1594,7942.21,40.823125839,-73.95588660199999,Manhattan,10031
1601,6224.03,40.74475148,-73.99915362,Manhattan,10011
1602,5550.09,40.723811745999996,-73.94959974300001,Brooklyn,11222
1608,2961.05,40.640125,-74.015726,Kings County,11220
1622,7409.08,40.7867947,-73.977112,Manhattan,10024
1626,3275.03,40.649145000000004,-74.009486,Brooklyn,11220
1628,7327.01,40.78294,-73.93077,Manhattan,10035
1632,5170.01,40.710579395,-73.933691978,Brooklyn,11206
1635,5500.07,40.72243797,-74.00566443,Manhattan,10005
1636,3955.05,40.6705135,-73.98876585,Brooklyn,11215
1637,6098.12,40.73866091428551,-73.98987293243407,Manhattan,10003
1639,5947.04,40.735445,-73.99431,Manhattan,10011
1640,6313.10,40.747573958954796,-73.97880077362059,Manhattan,10037
1641,5288.09,40.71473993,-74.00910627,Manhattan,10007
1643,4413.08,40.686371,-73.99383324,Brooklyn,11201
1646,4568.01,40.692,-73.92617,Brooklyn,11221
1647,7617.07,40.799484,-73.955613,Manhattan,10026
1650,5593.02,40.72502876,-73.99069656,Manhattan,10012
1652,5436.11,40.71978635452822,-73.97871628403664,Manhattan,10009
1654,4611.03,40.69196035,-73.96536851,Brooklyn,11205
1656,4531.05,40.691004156999995,-73.996181846,Brooklyn,11201
1670,7314.03,40.782485961999996,-73.914484143,Queens,11106
1671,8254.01,40.84207,-73.926075,The Bronx,10452
1712,5400.05,40.71870987,-74.0090009,Manhattan,10013
1714,7520.07,40.7919557,-73.968087,Manhattan,10025
1719,7188.13,40.778068065999996,-73.960808277,Manhattan,10028
1728,5391.06,40.71939226,-74.00247214,Manhattan,10013
1735,7488.24,40.7904828,-73.95033068,Manhattan,10029
1742,8213.01,40.840512276,-73.91793096100001,The Bronx,10452
1752,5114.06,40.70834698,-74.01713445,Manhattan,10280
1755,5033.01,40.70594513270881,-74.01321887969969,Manhattan,10006
1758,5532.01,40.723796129,-73.99919152300001,Manhattan,10012
1766,7432.09,40.7882213,-73.97041561,Manhattan,10024
1771,4895.09,40.70140317257725,-73.98672670125961,Brooklyn,11251
1789,7682.01,40.8045555,-73.93968609999999,Manhattan,10037
1790,7365.08,40.7859201,-73.94860294,Manhattan,10029
1792,7458.03,40.78839,-73.9747,Manhattan,10024
1795,5270.07,40.715882182,-73.994187117,Manhattan,10002
1797,4605.04,40.69239502,-73.99337909,Brooklyn,11231
1800,4640.01,40.693582535,-73.925317764,Brooklyn,11221
1801,5082.08,40.709070000000004,-73.92156999999999,Brooklyn,11237
1803,5542.04,40.72325,-73.94308000000001,Brooklyn,11211
1805,8575.02,40.86156,-73.91219,The Bronx,10468
1806,6398.06,40.75038,-73.98339,Manhattan,10018
1815,5569.06,40.72494672359416,-74.00165855884552,Manhattan,10012
1817,5332.10,40.716380319735606,-73.94821286201476,Brooklyn,11211
1818,8057.02,40.829608,-73.921461,The Bronx,10452
1819,6644.07,40.758901238,-73.993753314,Manhattan,10036
1820,5430.10,40.719569325,-74.00516057,Manhattan,10013
1821,6297.07,40.747968,-73.99663699999999,Manhattan,10001
1822,5980.07,40.73704984,-73.99009296,Manhattan,10019
1823,3628.11,40.66019237,-73.99087309800001,Kings County,11215
1824,6889.12,40.76663814,-73.95348296,Manhattan,10021
1826,5905.14,40.734814,-73.992085,Manhattan,10003
1828,6532.06,40.75455731,-73.96592976,Manhattan,10022
1830,4903.08,40.70277159,-73.99383605,Brooklyn,11201
1867,6079.03,40.74144387,-73.97536082,Manhattan,10016
1869,4051.01,40.675146838709786,-73.9752320945263,Brooklyn,11217
1871,6289.06,40.7462009,-73.98855723,Manhattan,10019
1873,6569.07,40.754623240291046,-73.99516761302948,Manhattan,10018
1876,6551.02,40.75500254,-73.98014437,Manhattan,10036
1879,7528.31,40.79343370000001,-73.94945003,Manhattan,10029
1880,7210.07,40.778557,-73.919046,Queens,11106
1882,5270.08,40.714193,-73.996732,Manhattan,10002
1883,5470.10,40.721319,-74.010065,Manhattan,10013
1884,5623.03,40.724812564400175,-73.94752621650694,Brooklyn,11222
1885,7945.07,40.822351,-73.926907,The Bronx,10451
1886,4446.05,40.686444,-73.98759100000001,Brooklyn,11217
1888,4829.01,40.700379,-73.99548100000001,Brooklyn,11201
1902,6929.02,40.766824,-73.930486,Queens,11106
1908,4801.04,40.69757545,-73.935760379,Brooklyn,11206
1909,5721.01,40.73047747,-73.99906065,Manhattan,10012
1946,7484.05,40.789998174000004,-73.97759974,Manhattan,10024
1984,3208.07,40.646037,-73.980963,Brooklyn,11218
1988,4824.03,40.699304,-73.92304399999999,Brooklyn,11221
1991,5300.06,40.7160751,-73.95202900000001,Brooklyn,11211
1992,6545.07,40.754164,-73.908906,Queens,11373
1996,7342.01,40.783955999999996,-73.916894,Queens,11370
1997,5788.15,40.732647,-73.99011,Manhattan,10003
2052,7932.10,40.820913553000004,-73.93921589899999,Manhattan,10030
2073,7910.01,40.819783,-73.936521,Manhattan,10037
2115,7777.02,40.811720848,-73.91703617600001,The Bronx,10454
2118,4821.06,40.699691534,-73.989732742,Brooklyn,11201
2119,6602.03,40.756816625999996,-73.989829063,Manhattan,10036
2120,4665.02,40.694249868,-73.946340203,Brooklyn,11221
2121,4993.13,40.703785181,-74.007877588,Manhattan,10005
2124,5712.03,40.729514962249496,-73.99075269699097,Manhattan,10003
2127,5351.03,40.71602118,-73.99974372,Manhattan,10013
2128,4906.07,40.702985168000005,-73.930027962,Brooklyn,11237
2129,5653.12,40.725839967923754,-74.00765329599379,Manhattan,10013
2143,7602.05,40.7987859,-73.9523,Manhattan,10037
2243,6033.01,40.74021356884924,-73.93537044525145,Queens,11101
2256,7291.06,40.78145,-73.9183302,Queens,11105
2257,4993.15,40.70469667894968,-74.00803416967392,Manhattan,10004
2263,7111.10,40.774306,-73.908335,Queens,11105
2267,5581.01,40.725591421,-73.943887115,Brooklyn,11222
2268,5175.08,40.711065999999995,-74.009447,Manhattan,10038
2270,7610.13,40.79904139288298,-73.96649479866028,Manhattan,10025
2271,4263.12,40.68186,-73.95943199999999,Brooklyn,11207
2327,4659.02,40.69327018,-73.97703874,Brooklyn,11237
2356,3931.09,40.671409000000004,-74.001328,Brooklyn,11231
2376,8472.06,40.857109427,-73.898164749,The Bronx,10458
2379,4645.09,40.69512845,-73.99595065,Brooklyn,11201
2411,6720.07,40.759516239,-73.927098036,Queens,11101
2431,6812.06,40.763422,-73.914142,Queens,11103
2432,4143.04,40.676868081,-73.986549258,Brooklyn,11215
2485,4285.09,40.683233619,-73.911595345,Brooklyn,11236
2552,8186.01,40.839228272,-73.899024248,The Bronx,10457
2571,6879.04,40.76408932350689,-73.9106512069702,Queens,11103
2591,5270.05,40.714156628000005,-73.992972612,Manhattan,10002
2604,3266.01,40.648169,-74.000057,Brooklyn,11232
2627,8216.02,40.839246392,-73.888562918,The Bronx,10460
2642,4138.04,40.678655028,-73.913730383,Brooklyn,11233
2644,4663.06,40.69545,-73.91164,Brooklyn,11237
2649,4028.04,40.673746,-73.985649,Brooklyn,11209
2654,7909.07,40.819859862,-73.90135133300001,The Bronx,10456
2665,8399.06,40.852257729,-73.937840819,Manhattan,10033
2731,4596.09,40.69236178,-73.98631746,Brooklyn,11201
2755,4962.01,40.70463334,-74.01361706,Manhattan,10275
2758,5145.02,40.709856868,-74.01311481,Manhattan,10006
2764,8054.04,40.829114000000004,-73.95042600000001,Manhattan,10031
2775,8096.02,40.831444,-73.926226,The Bronx,10452
2784,6554.05,40.75388,-73.914952,Queens,11101
2817,6242.10,40.74451,-73.91412,Queens,11377
2819,4864.09,40.70166,-73.92754000000001,Brooklyn,11237
2839,3169.07,40.644999981,-74.01459372,Brooklyn,11220
2887,6520.06,40.754139,-73.919543,Queens,11101
2935,5065.14,40.70838,-74.00495,Manhattan,10038
2940,3211.06,40.64744,-74.018846,Brooklyn,11232
2948,4890.11,40.7010566,-73.914279461,Brooklyn,11237
3074,4600.09,40.69146,-73.92146,Brooklyn,11221
3081,7256.01,40.780144453000005,-73.906817913,Queens,11105
3083,7522.02,40.79228425,-73.938160181,Manhattan,10029
3112,8682.06,40.870020000000004,-73.88565,The Bronx,10458
3135,8171.06,40.837183595,-73.902207732,The Bronx,10456
3142,3050.03,40.642408,-74.013318,Kings County,11220
3161,6141.02,40.742910146999996,-73.892875314,Queens,11377
3162,4212.01,40.680094123,-73.911557317,Brooklyn,11233
3170,7903.02,40.819141269,-73.956100941,Manhattan,10031
3196,3460.01,40.65708866668485,-74.00870203971863,Kings County,11232
3197,8103.05,40.832665086,-73.905341029,The Bronx,10456
3199,8163.05,40.836733,-73.88793100000001,The Bronx,10460
3203,4243.01,40.681211700000006,-74.00860912,Brooklyn,11231
3216,8242.04,40.842172999999995,-73.93511099999999,Manhattan,10032
3220,7596.10,40.797470000000004,-73.93504,Manhattan,10035
3221,6740.10,40.760962605,-73.980590463,Manhattan,10019
3222,4169.04,40.679040313,-74.011186361,Brooklyn,11231
3244,4143.03,40.67909799721684,-73.98765474557877,Brooklyn,11215
3274,5896.01,40.734296799,-73.983763337,Manhattan,10003
3299,5626.07,40.72621788,-73.98379855,Manhattan,10009
3305,5883.06,40.73443564069459,-73.93790781497954,Queens,11104
3340,7807.04,40.815191745999996,-73.899870396,The Bronx,10455
3366,3420.01,40.654167414,-74.004216433,Kings County,11232
3367,6839.10,40.764397100000004,-73.97371465,Manhattan,10153
3369,6700.14,40.75973805251143,-73.97811613976954,Manhattan,10111
3370,6854.05,40.76360467795863,-73.98917958140373,Manhattan,10019
3371,8013.07,40.826444268,-73.943068385,Manhattan,10031
3372,6617.09,40.758123994,-73.970807552,Manhattan,10022
3374,7161.08,40.77632142182271,-73.96427392959596,Manhattan,10075
3376,7634.01,40.800612807,-73.96654582,Manhattan,10025
3377,5453.05,40.71893904,-73.99266288,Manhattan,10002
3379,4620.02,40.69308257,-73.97178913,Brooklyn,11238
3405,8137.06,40.834857,-73.903743,The Bronx,10456
3409,6596.10,40.754800558,-73.917015791,Queens,11101
3415,5730.08,40.72844243,-74.008642793,Manhattan,10014
3416,3919.07,40.670776700000005,-73.9576801,Brooklyn,11225
3426,5001.08,40.70569254,-74.01677685,Manhattan,10280
3427,6847.02,40.7652654,-73.98192338,Manhattan,10019
3429,4377.04,40.684848309,-73.963136077,Brooklyn,11238
3448,6297.02,40.74734825,-73.99723551,Manhattan,10001
3450,3460.02,40.655716,-74.006664,Kings County,11232
3452,5430.08,40.71911552,-74.00666661,Manhattan,10005
3459,3220.01,40.646475,-74.026081,Kings County,00000
3462,3090.06,40.642809,-73.979239,Brooklyn,11218
3463,7640.04,40.801486600000004,-73.9442507,Manhattan,10035
3464,6943.07,40.767692924,-73.911132216,Queens,11370
3510,4137.10,40.677236,-74.015665,Brooklyn,11231
3511,5520.09,40.724055,-73.955736,Brooklyn,11222
3512,4513.09,40.690065000000004,-73.978776,Brooklyn,11201
3513,5922.04,40.73498,-74.00697,Manhattan,10014
3514,7175.05,40.7770575,-73.97898475,Manhattan,10023
3529,6092.01,40.74086,-73.91708,Queens,11104
3541,6572.08,40.756521106,-73.92941916,Queens,11106
3552,6143.01,40.742225885,-73.929403424,Queens,11101
3553,5584.04,40.72453734,-73.98185424,Manhattan,10009
3556,5736.09,40.72938685,-73.97772429,Manhattan,10009
3561,5553.10,40.72307749068673,-73.98583620786667,Manhattan,10009
3562,4368.05,40.685111403,-73.953845263,Brooklyn,11221
3572,3940.04,40.672727704,-74.009034395,Brooklyn,11231
3579,4432.10,40.688093066,-73.907782555,Brooklyn,11207
3591,4399.03,40.686521649,-73.91320407399999,Brooklyn,11207
3597,4781.03,40.697631359,-73.98481237899999,Brooklyn,11251
3611,8601.04,40.864640951,-73.89512074,The Bronx,10468
3657,4697.01,40.69622937,-73.94371094,Brooklyn,11206
3663,7009.02,40.771393700000004,-73.9077436,Queens,11105
3746,7979.17,40.824811,-73.91640699999999,The Bronx,10451
3780,3555.04,40.659555,-73.995068,Kings County,11232
3820,7391.02,40.785905123,-73.915014267,Queens,11105
3842,6520.07,40.753091,-73.920603,Queens,11101
3868,8320.01,40.845170617,-73.940570474,Manhattan,10032
3871,6901.01,40.7668,-73.93477740000002,Queens,11373
3890,4735.16,40.697213292,-73.906640887,Queens,11385
3894,6915.02,40.7656251,-73.9136695,Queens,11103
3910,8356.02,40.847798,-73.901883,The Bronx,10457
3965,5148.03,40.710257292,-73.946951032,Brooklyn,11206
4038,6729.02,40.760185299999996,-73.9362726,Queens,11106
4048,7323.09,40.782323,-73.959875,Manhattan,10128
4049,7137.04,40.774831653,-73.903630853,Queens,11105
4050,5797.01,40.73226398,-73.99852205,Manhattan,10014
4090,8016.07,40.825716,-73.915585,The Bronx,10451
4091,7840.05,40.816402000000004,-73.919549,The Bronx,10451
4095,7293.10,40.781410700190015,-73.95595908164978,Manhattan,10128
4100,6239.08,40.74394314,-73.97966069,Manhattan,10016
4104,7622.12,40.8006721,-73.9349,Manhattan,10035
4132,6708.04,40.76017739537782,-73.98486793041229,Manhattan,10019
4140,6670.03,40.7577284,-73.9166368,Queens,11101
4144,8344.04,40.848049998,-73.916116595,The Bronx,10453
4147,8225.05,40.83999,-73.90549,The Bronx,10457
4148,4336.01,40.684568299999995,-73.95881081,Brooklyn,11221
4150,3161.02,40.645878553,-74.005679846,Brooklyn,11220
4200,8453.14,40.854788,-73.929513,Manhattan,10040
4208,7793.02,40.814046000000005,-73.91186,The Bronx,10455
4213,6827.11,40.763359,-73.928647,Queens,11106
4218,8156.01,40.837213,-73.908345,The Bronx,10456
4222,8782.01,40.876981258,-73.88960254199999,The Bronx,10468
4223,7984.04,40.823332666999995,-73.924732089,The Bronx,10451
4235,7962.01,40.823161999999996,-73.92326700000001,The Bronx,10451
4242,7196.04,40.777112,-73.90238199999999,Queens,11105
4243,5382.07,40.71779817737835,-73.99316132068634,Manhattan,10002
4244,3596.04,40.660078999999996,-73.998633,Kings County,11209
4245,6224.06,40.74591072834279,-73.99807110428809,Manhattan,10001
4246,8100.01,40.830702,-73.936371,Manhattan,10039
4248,7084.12,40.7728384,-73.94989233,Manhattan,10075
4249,4404.10,40.6849668,-73.98620772,Kings County,11217
4259,6676.02,40.759395838,-73.98876643199999,Manhattan,10036
4260,6806.06,40.763154819103725,-73.93985509872438,Queens,11101
4261,8110.04,40.832683681999995,-73.885266066,The Bronx,10460
4262,5779.11,40.73031071000896,-73.98047178983687,Manhattan,10009
4265,7202.07,40.77823174,-73.908195138,Queens,11105
4267,5561.06,40.72441268,-73.995710611,Manhattan,10012
4268,4010.01,40.673173428000005,-73.969151735,Brooklyn,11238
4269,6319.07,40.747375488,-73.947962761,Queens,11101
4270,5666.04,40.72708584,-73.95299117,Brooklyn,11222
4271,7144.01,40.774823546,-73.91237151600001,Queens,11101
4273,7781.10,40.812740207,-73.923611403,The Bronx,10454
4274,5669.10,40.7284186,-73.98713956,Manhattan,10003
4277,5636.13,40.724703311999995,-73.992307186,Manhattan,10003
4278,8183.02,40.838706,-73.92703399999999,The Bronx,10452
4279,4116.08,40.6769694,-73.96579,Brooklyn,11216
4280,3696.05,40.6630619,-73.95387459999999,Brooklyn,11225
4282,6416.06,40.750072700000004,-73.99839279,Manhattan,10001
4284,7281.09,40.780215859,-73.9773072,Manhattan,10023
4288,8655.02,40.868846000000005,-73.931537,Manhattan,10034
4289,6303.01,40.74714,-73.97113,Manhattan,10174
4291,4821.10,40.700763083261506,-73.98869812488556,Brooklyn,11201
4292,4713.01,40.69676,-73.92302,Brooklyn,11221
4295,4936.14,40.703212,-73.990409,Brooklyn,11201
4323,6325.01,40.747117639,-73.920845032,Queens,11104
4341,8049.10,40.828309999999995,-73.942924,Manhattan,10031
4342,5616.01,40.72521311,-73.97768752,Manhattan,10009
4343,3007.05,40.642031,-73.981073,Brooklyn,11218
4345,5442.09,40.72084,-73.94844,Brooklyn,11222
4347,3882.01,40.668603000000004,-73.99043940000001,Brooklyn,11215
4366,8119.05,40.833488226,-73.939365983,Manhattan,10032
4369,6659.10,40.757334,-73.974235,Manhattan,10017
4371,8122.04,40.834021926,-73.909049392,The Bronx,10456
4390,7755.03,40.811112,-73.914932,The Bronx,10454
4413,4651.02,40.693261,-73.968896,Brooklyn,11205
4414,8205.05,40.839520097,-73.90030539,The Bronx,10457
4415,5805.07,40.73213896287381,-74.00363802909852,Manhattan,10014
4418,5971.08,40.73587678,-73.98205027,Manhattan,10010
4423,6230.04,40.744219,-73.97121214,Manhattan,10174
4425,5788.12,40.73223272,-73.98889957,Manhattan,10009
4428,6072.14,40.73944820130404,-74.00507032871245,Manhattan,10011
4448,4683.02,40.69363137,-73.96223558,Brooklyn,11205
4453,4522.07,40.689170000000004,-73.9886,Brooklyn,11201
4456,4366.01,40.68565,-73.91564,Brooklyn,11233
4460,3240.15,40.649037,-73.97673,Brooklyn,11218
4462,5669.12,40.727378693232225,-73.98840844631195,Manhattan,10003
4471,7159.08,40.7767,-73.927631,Queens,11105
4479,6538.11,40.754704595,-73.933692694,Queens,11106
4480,8141.01,40.835833907,-73.913661242,The Bronx,10456
4485,7720.03,40.808222771,-73.945357084,Manhattan,10027
4501,4107.13,40.677547216,-73.95575976399999,Brooklyn,11238
4509,5329.08,40.71503,-74.01246,Manhattan,10282
4543,4317.05,40.682809999999996,-73.90623000000001,Brooklyn,11207
4558,7906.13,40.820089,-73.928947,The Bronx,10451
4590,6994.06,40.768728,-73.890745,Queens,11370
4608,4513.06,40.689888,-73.981013,Brooklyn,11221
4609,6450.12,40.751551,-73.993934,Manhattan,10122
4613,5721.07,40.72840059450829,-73.99968780577183,Manhattan,10012
4625,7795.09,40.8125511,-73.9492286,Manhattan,10027
4627,6824.07,40.76269882,-73.99301222,Manhattan,10036
4628,6013.12,40.73795,-73.98509,Manhattan,10010
4629,5779.09,40.72966729392978,-73.98067966103555,Manhattan,10009
4631,4244.06,40.68139,-73.90756,Brooklyn,11207
4632,6131.12,40.742684734875695,-73.98671329021455,Manhattan,10037
4635,6441.02,40.75155735,-73.98761332,Manhattan,10019
4640,6822.09,40.76500525,-73.95818491,Manhattan,10021
4641,7567.06,40.79522121,-73.944157243,Manhattan,10037
4642,7511.19,40.792255299999994,-73.95249933,Manhattan,10029
4643,3762.08,40.666169524000004,-73.981925249,Brooklyn,11215
4646,6617.02,40.75763227739443,-73.9693057537079,Manhattan,10022
4650,5584.05,40.725128524115796,-73.98131668567656,Manhattan,10009
4809,4895.15,40.70140463410644,-73.98768022656441,Brooklyn,11201
4825,7538.14,40.795,-73.9645,Manhattan,10025
4958,3704.04,40.663657,-73.963014,Brooklyn,11225
4966,6474.11,40.752062201,-73.981955767,Manhattan,10018
4973,5922.07,40.73535398,-74.00483091,Manhattan,10014
5044,3928.08,40.6716493,-73.9631145,Brooklyn,11238
5045,4804.02,40.69985,-73.97140999999999,Brooklyn,11251
5069,5036.06,40.70583339,-73.94644578,Brooklyn,11222
5093,4425.02,40.686312,-73.935775,Brooklyn,11221
5100,7837.30,40.816234,-73.948222,Manhattan,10030
5101,8511.08,40.857994,-73.93217299999999,Manhattan,10040
5118,7774.02,40.812346000000005,-73.946168,Manhattan,10039
5129,5863.07,40.734232,-73.986923,Manhattan,10003
5150,7018.01,40.771152799999996,-73.9170074,Queens,11101
5199,5068.02,40.707667111999996,-73.940127373,Brooklyn,11206
5249,4765.07,40.69812,-73.90271,Queens,11385
5320,6650.08,40.75792020879402,-73.96638214588165,Manhattan,10022
5324,4762.04,40.698044181,-73.969835401,Brooklyn,11251
5325,4743.04,40.697164655,-73.915656447,Brooklyn,11237
5336,6688.01,40.7596276,-73.93214549999999,Queens,11106
5338,6237.01,40.7437524099784,-73.94176483154297,Queens,11101
5371,4519.02,40.68833370000001,-73.950916,Brooklyn,11216
5400,4386.05,40.68415748,-73.96922273,Brooklyn,11207
5404,4847.03,40.699836731,-73.91160643100001,Queens County,11385
5406,6679.11,40.7580583,-73.92427509999999,Queens,11106
5409,8381.04,40.85168,-73.94185999999999,Manhattan,10033
5417,6662.01,40.7581352,-73.90972745399999,Queens,11377
5418,7443.17,40.788129999999995,-73.95206,Manhattan,10129
5425,7074.01,40.772717,-73.906127,Queens,11101
5433,4383.06,40.684540000000005,-73.9322,Brooklyn,11233
5443,6958.06,40.768692,-73.9249574,Queens,11102
5444,4255.05,40.68216564,-73.95399026,Brooklyn,11233
5445,8336.02,40.848507166,-73.936093092,Manhattan,10033
5447,7893.05,40.819241,-73.941057,Manhattan,10030
5448,4450.06,40.68705,-73.92338000000001,Brooklyn,11221
5450,3865.05,40.668113589,-73.973483086,Brooklyn,11215
5455,8229.04,40.840506792,-73.911449432,The Bronx,10457
5458,5709.03,40.72755807335852,-73.95505852997303,Brooklyn,11222
5462,4590.01,40.69231660719192,-74.01486575603484,Manhattan,10004
5465,4914.03,40.700759999999995,-73.93641,Brooklyn,11206
5466,4476.03,40.690224051,-73.947930098,Brooklyn,11216
5472,4807.02,40.70068,-73.90742,Queens,11385
5476,6505.09,40.752403855,-73.939958811,Queens,11101
5479,5489.04,40.72248188638219,-73.95921930670737,Brooklyn,11249
5486,7057.07,40.7727966,-73.95577801,Manhattan,10021
5488,5362.08,40.717729999999996,-73.94051,Brooklyn,11211
5493,7631.23,40.801694,-73.957145,Manhattan,10026
5494,3492.04,40.655278,-74.003101,Kings County,11232
5497,8366.06,40.849629,-73.919205,The Bronx,10453
5498,6667.04,40.758396999999995,-73.98255,Manhattan,10111
5520,5018.06,40.70539,-73.92976,Brooklyn,11237
5526,6529.02,40.7531106,-73.9279917,Queens,11101
5552,3312.07,40.651602507,-73.975918889,Brooklyn,11218
5592,6016.06,40.73737,-73.91803,Queens,11378
5593,4873.08,40.70106,-73.93318000000001,Brooklyn,11206
5595,6429.01,40.75110165,-73.94073717,Queens,11101
5597,3620.02,40.660906,-73.983074,Kings County,11215
5666,4086.06,40.6763744,-74.00324957,Brooklyn,11231
5672,4718.08,40.69535693320225,-73.99344027042389,Brooklyn,11201
5720,6417.11,40.7493722738996,-73.89738768339156,Queens County,11373
5734,7463.09,40.790305100000005,-73.94755757,Manhattan,10029
5736,7286.01,40.781152764279156,-73.94963040947914,Manhattan,10128
5754,6857.09,40.7647,-73.9240312,Queens,11369
5755,4322.06,40.68256425759694,-73.97989779710771,Brooklyn,11217
5757,7146.04,40.77536905,-73.94803392,Manhattan,10028
5758,4237.02,40.67984736,-73.938595176,Brooklyn,11216
5759,7502.01,40.7921,-73.9739,Manhattan,10023
5760,4199.12,40.68097410000001,-73.97100970000001,Brooklyn,11238
5763,4483.10,40.68822,-73.91966,Brooklyn,11207
5764,6850.01,40.764174520197685,-73.91583994030951,Queens,11101
5765,8005.03,40.825737,-73.927311,The Bronx,10451
5766,4816.05,40.69905,-73.91516,Brooklyn,11237
5783,8269.01,40.844075,-73.91725600000001,The Bronx,10452
5788,8126.07,40.834263,-73.917641,The Bronx,10456
5791,3192.05,40.647379,-74.000911,Brooklyn,11232
5796,7186.15,40.777751565,-73.922371984,Queens,11105
5830,6203.02,40.74524768,-73.94733276,Queens,11101
5838,8435.04,40.854150176,-73.899161935,The Bronx,10457
5879,3972.08,40.672505799999996,-74.00494695,Brooklyn,11231
5886,4880.11,40.70183,-73.90625,Queens,11385
5888,3253.01,40.649291999999996,-74.020105,Kings County,11220
5896,7821.01,40.814368963,-73.92499220399999,The Bronx,10451
5898,7954.12,40.823060999999996,-73.941928,Manhattan,10039
5902,4840.06,40.700990000000004,-73.93921,Brooklyn,11206
5957,4045.01,40.67434,-74.00194698,Brooklyn,11231
5960,6907.03,40.765753000000004,-73.90675999999999,Queens,11103
5965,6197.08,40.743317723000004,-73.974568605,Manhattan,10016
5967,6801.01,40.76350532,-73.97109243,Manhattan,10022
5969,4228.02,40.679433345999996,-73.929953337,Brooklyn,11207
5976,4898.02,40.7027,-73.92095,Brooklyn,11237
5983,6179.07,40.74336608027021,-73.95960688591003,Queens,11109
5991,6401.03,40.74947822183477,-73.91826465725897,Queens,11104
5993,7741.04,40.81028506306003,-73.95736455917357,Manhattan,10027
5995,4707.03,40.69539817,-73.94954908,Brooklyn,11237
6000,7360.10,40.785082816999996,-73.976774573,Manhattan,10024
6005,7414.17,40.787721399999995,-73.94728331,Manhattan,10029
6009,7599.09,40.797911,-73.9423,Manhattan,10029
6010,4724.03,40.69610226,-73.96751037,Brooklyn,11238
6036,3523.06,40.65701592,-73.99844610699999,Kings County,11232
6048,4184.07,40.6786115,-73.99037292,Brooklyn,11231
6049,5772.05,40.73115,-74.00887,Manhattan,10014
6051,7286.02,40.78245417527987,-73.94891962409021,Manhattan,10128
6056,8717.07,40.871972084,-73.884789109,The Bronx,10458
6057,7748.02,40.810132384,-73.937075853,Manhattan,10037
6066,4110.10,40.6777287,-73.99364123,Brooklyn,11231
6068,6682.08,40.759186745,-73.959219694,Manhattan,10155
6072,5034.03,40.705529999999996,-73.9096,Queens,11385
6075,4208.01,40.678970070475735,-73.9785526692867,Brooklyn,11217
6076,6650.07,40.75797322,-73.96603308,Manhattan,10022
6077,7482.15,40.790416598,-73.941698074,Manhattan,10029
6079,6425.04,40.751131535,-74.00527155399999,Manhattan,10018
6081,6116.03,40.740936399,-73.902760386,Queens,11377
6084,4710.06,40.695065,-73.987167,Brooklyn,11201
6085,5922.08,40.736498833,-74.006269932,Manhattan,10014
6086,4553.04,40.69128258,-73.9452416,Brooklyn,11221
6107,8456.02,40.855047107,-73.902737379,The Bronx,10453
6114,7872.03,40.817245,-73.938787,Manhattan,10030
6146,8194.07,40.838315,-73.912604,The Bronx,10456
6237,6969.08,40.768008893059466,-73.96845281124116,Manhattan,10021
6238,7783.18,40.8120562,-73.9612547,Manhattan,10027
6239,5610.09,40.724309999999996,-74.00473000000001,Manhattan,10005
6240,7453.01,40.788676739,-73.966603994,Manhattan,10025
6241,7643.18,40.802535,-73.9532423,Manhattan,10026
6245,3385.06,40.652563,-73.972573,Brooklyn,11218
6252,5216.04,40.71291224,-74.01020234,Manhattan,10007
6253,8528.05,40.860099435,-73.92850709,Manhattan,10040
6254,7662.13,40.805726,-73.936322,Manhattan,10037
6266,4883.03,40.7016657,-73.9437303,Brooklyn,11207
6267,6101.11,40.73985995699164,-73.92400324344634,Queens,11377
6268,4290.08,40.683426000000004,-73.984275,Kings County,11217
6269,7944.11,40.821897149,-73.888588071,The Bronx,10459
6277,2932.03,40.639421,-74.026823,Brooklyn,11220
6323,7230.10,40.7785669,-73.97754961,Manhattan,10023
6324,6352.01,40.74718234,-73.9432635,Queens,11101
6330,2832.03,40.636943816999995,-74.022243619,Brooklyn,11220
6339,8285.09,40.844811,-73.912042,The Bronx,10452
6341,6873.01,40.76535380385866,-73.93986314535141,Queens,11101
6342,6779.05,40.76344058,-73.98268129,Manhattan,10019
6345,2821.05,40.63556,-74.01298,Kings County,11220
6353,5267.09,40.714690000000004,-73.95739,Brooklyn,11249
6453,6836.07,40.7638973,-73.936489224,Queens,11101
6476,6164.09,40.74311555376486,-73.98215353488922,Manhattan,10037
6539,8646.02,40.868140000000004,-73.88145,The Bronx,10458
6562,7881.09,40.81823647,-73.955288529,Manhattan,10027
6573,6581.14,40.756351829,-73.93645763399999,Queens,11101
6576,5146.03,40.710137844,-73.91107583,Queens,11385
6584,6998.08,40.77118287540658,-73.96409422159195,Manhattan,10021
6585,7014.12,40.77003010255044,-73.98196846246721,Manhattan,10034
6586,7606.01,40.798185600000004,-73.96059090060001,Manhattan,10025
6587,4461.01,40.68764484,-73.96968902,Brooklyn,11205
6590,6560.01,40.75526166,-73.987183094,Manhattan,10036
6592,5181.04,40.71219906,-73.97948148,Manhattan,10002
6593,7832.04,40.813619,-73.939336,Manhattan,10037
6594,3353.04,40.650716781999996,-73.977585435,Brooklyn,11218
6596,5414.07,40.719404817,-73.991542935,Manhattan,10002
6597,7587.16,40.797517419,-73.949078083,Manhattan,10035
6599,7023.04,40.770513,-73.988038,Manhattan,10069
6601,5805.05,40.73172428,-74.00674436,Manhattan,10014
6604,6955.05,40.768333,-73.992573,Manhattan,10019
6608,7233.05,40.7787185,-73.9145645,Queens,11102
6649,6215.04,40.74395411,-73.99144871,Manhattan,10001
6650,7372.10,40.785785100000005,-73.957481,Manhattan,10129
6651,3771.06,40.666413069,-73.98916792899999,Brooklyn,11215
6652,7538.18,40.79249519495111,-73.9641706646307,Manhattan,10025
6653,7685.14,40.804038,-73.945925,Manhattan,10027
6655,4789.03,40.697645783,-73.99346303899999,Brooklyn,11201
6661,7898.03,40.818477,-73.947568,Manhattan,10030
6683,4077.07,40.676293731,-73.9988873,Brooklyn,11231
6691,3280.04,40.648005,-73.979342,Brooklyn,11218
6703,6435.03,40.750097682094825,-73.91349703073502,Queens,11104
6724,5453.01,40.72110063,-73.99192540000001,Manhattan,10002
6725,7855.03,40.81695971032464,-73.9422959089279,Manhattan,10039
6726,5359.11,40.717571,-74.005549,Manhattan,10013
6727,5779.08,40.732107043,-73.98175895199999,Manhattan,10009
6729,8546.06,40.861738443,-73.894970417,The Bronx,10458
6730,6098.10,40.740159273,-73.989685655,Manhattan,10010
6731,8020.01,40.827725649,-73.886838317,The Bronx,10459
6751,4437.09,40.687372476507186,-73.98176059126855,Brooklyn,11217
6753,7658.13,40.8038654,-73.95593079999999,Manhattan,10026
6807,5500.02,40.72170005235607,-74.00238141417502,Manhattan,10013
6809,7577.27,40.795878649,-73.961584091,Manhattan,10025
6812,4470.09,40.68700231292619,-73.97664964199065,Brooklyn,11221
6813,5880.02,40.73401143,-74.00293877,Manhattan,10014
6814,7959.18,40.822756,-73.951346,Manhattan,10031
6873,2872.02,40.637711167,-74.017651558,Brooklyn,11220
6880,4707.04,40.69527008,-73.95238108,Brooklyn,11235
6912,8582.02,40.863890000000005,-73.89246,The Bronx,10458
6933,7722.06,40.80864954,-73.91607844800001,The Bronx,10454
7109,3914.02,40.670492200000005,-73.98541675,Brooklyn,11215
7110,4832.07,40.701141953000004,-73.930422544,Brooklyn,11206
7112,7727.08,40.80863217506367,-73.95958609887201,Manhattan,10115
7113,4060.09,40.6751622,-73.9814832,Brooklyn,11215
7173,2923.01,40.639835477,-74.019897699,Brooklyn,11220
7235,7436.11,40.789210499999996,-73.94370784,Manhattan,10029
7237,4798.02,40.699220000000004,-73.89795,Queens,11385
7238,3178.02,40.646377,-74.023087,Brooklyn,11220
7240,4968.03,40.70260179,-73.984730363,Brooklyn,11201
7242,6286.02,40.74731,-73.95451,Queens,11101
7249,4947.04,40.702831,-73.9333,Brooklyn,11206
7259,5025.02,40.705616474,-73.902547598,Queens,11385
7260,6638.01,40.756913,-73.921631,Queens,11101
7262,4345.11,40.68323865460341,-73.96599590778352,Brooklyn,11238
7313,7271.01,40.77977,-73.923162,Queens,11102
7317,7032.02,40.77028,-73.893675,Queens,11370
7319,7386.10,40.786258600000004,-73.94552579,Manhattan,10035
7336,8249.10,40.8406955,-73.915151358,The Bronx,10452
7337,7997.08,40.825244,-73.947257,Manhattan,10031
7338,7840.11,40.814654589,-73.918368816,The Bronx,10455
7343,4979.07,40.704373837,-73.92832910999998,Brooklyn,11237
7345,8795.03,40.877959370999996,-73.884746671,The Bronx,10467
7353,5687.11,40.727962613,-74.00501740000001,Manhattan,10014
7376,4119.04,40.678351045,-74.000167847,Brooklyn,11231
7412,7687.05,40.805074453,-73.91896688899999,The Bronx,10454
7414,8428.04,40.853787184,-73.92094314100001,The Bronx,10453
7439,8018.09,40.826969,-73.949738,Manhattan,10031
7454,8085.13,40.830576658000005,-73.939930081,Manhattan,10032
7464,7028.04,40.7699426,-73.96060712,Manhattan,10035
7468,6441.01,40.75097711,-73.98765428,Manhattan,10019
7469,5746.14,40.72953837,-73.98426726,Manhattan,10009
7474,8000.02,40.823732,-73.919379,The Bronx,10451
7480,8048.04,40.828199,-73.903719,The Bronx,10456
7489,5752.07,40.72906,-73.95779,Brooklyn,11222
7492,7183.03,40.777507027547976,-73.98888587951659,Manhattan,10069
7501,3202.06,40.646351,-74.009271,Brooklyn,11220
7503,6107.08,40.74056423633952,-73.99852573871613,Manhattan,10011
7507,7082.14,40.773373485,-73.913754463,Queens,11105
7521,5769.04,40.730563000000004,-73.973984,Manhattan,10009
7531,4214.03,40.6809833854,-73.9500479759,Brooklyn,11233
7532,8265.09,40.84301,-73.91171999999999,The Bronx,10453
7535,6209.08,40.743703246,-73.918618798,Queens,11104
7538,8052.01,40.828975,-73.911259,The Bronx,10456
7549,7068.07,40.7725996921817,-73.93266275525094,Queens,11102
7553,7867.04,40.818185,-73.894143,The Bronx,10459
7555,6511.03,40.753440999999995,-73.912402,Queens,11377
7566,3879.04,40.669234036999995,-73.955266833,Brooklyn,11225
7570,5575.13,40.72506551015475,-73.97515833377837,Manhattan,10009
7573,8190.03,40.838374376,-73.905721188,The Bronx,10457
7581,3699.07,40.663493,-73.991007,Kings County,11215
7594,7265.10,40.7806284,-73.9521667,Manhattan,10128
7597,4428.02,40.68753406,-73.97265183,Brooklyn,11238
7600,4927.04,40.70224,-73.982578,Brooklyn,11251
7603,5403.04,40.717076778,-73.94494140100001,Brooklyn,11211
7612,6072.11,40.740983,-74.00170200000001,Manhattan,10011
7613,7059.01,40.771496710544405,-73.99046033620834,Manhattan,10069
7614,6876.04,40.76590936,-73.97634151,Manhattan,10105
7616,5059.02,40.706237,-73.933871,Brooklyn,11206
7617,6865.03,40.7659,-73.930819,Queens,11106
7627,6937.07,40.7671863,-73.9373554,Queens,11106
7668,4990.02,40.7051480769839,-73.97078096866608,Kings County,11251
7675,8582.09,40.861734152,-73.890984654,The Bronx,10458
7678,7891.06,40.817802,-73.905203,The Bronx,10455
7680,5084.03,40.70708701,-73.95796783,Brooklyn,11249
7710,8510.02,40.858469367,-73.896279812,The Bronx,10458
7711,6563.12,40.7557327,-73.92366109999999,Queens,11101
7712,6474.02,40.752269,-73.982079,Manhattan,10018
7713,7524.09,40.7941654,-73.974124,Manhattan,10025
7714,5291.05,40.715143,-73.944507,Brooklyn,11211
7732,3803.05,40.666318100000005,-73.9854617,Brooklyn,11215
7751,8004.03,40.824956,-73.891677,The Bronx,10472
7752,8500.01,40.856302,-73.907302,The Bronx,10453
7789,6108.03,40.74179,-73.89564,Queens,11377
7820,8699.01,40.8704956,-73.8818756582,The Bronx,10458
7837,4488.08,40.6902375,-73.99203074,Brooklyn,11231
7845,4101.17,40.676757,-73.983262,Brooklyn,11215
7855,6932.15,40.7691572,-73.96703464,Manhattan,10021
7879,4768.02,40.698594332,-73.941474438,Brooklyn,11206
7911,8631.03,40.867044091,-73.885887742,The Bronx,10458
7930,8462.09,40.85501,-73.910751,The Bronx,10453
7993,3038.08,40.642547131,-74.006109834,Brooklyn,11220
7997,8366.07,40.848358989,-73.918354273,The Bronx,10453
8012,6789.04,40.761584,-73.925921,Queens,11106
8022,5633.04,40.726181269,-73.956297874,Brooklyn,11222
8073,8494.06,40.8558,-73.89956,The Bronx,10457
8074,4054.02,40.6753274,-74.0100698,Brooklyn,11231
8093,7845.06,40.816627026,-73.928230882,The Bronx,10451
8104,5099.03,40.707174,-73.93581,Brooklyn,11206
8116,5351.07,40.717411,-73.999573,Manhattan,10013
8117,7132.08,40.774851799000004,-73.934147835,Queens,11102
8151,5259.06,40.71335226222875,-73.9491033554077,Brooklyn,11211
8154,8472.08,40.855525255,-73.896157503,The Bronx,10457
8173,4190.06,40.677984357,-73.96231365199999,Brooklyn,11238
8177,6227.02,40.74469738,-73.93540375,Queens,11101
8188,3011.03,40.641269,-74.017651,Kings County,11220
8199,6258.03,40.7448,-73.89376999999999,Queens,11377
8231,6382.05,40.749717753,-74.002950346,Manhattan,10001
8232,6756.01,40.76009437,-73.99461843,Manhattan,10036
8235,5379.09,40.7190095,-73.95852515,Brooklyn,11249
8236,6453.02,40.752443,-73.929737,Queens,11101
8238,5288.12,40.71485150526252,-74.01122331619263,Manhattan,10007
8242,6814.01,40.7639089,-73.9477213,Manhattan,10044
8244,7541.01,40.7937704,-73.971888,Manhattan,10025
8245,4510.04,40.6894932,-73.942061,Brooklyn,11221
8246,7910.10,40.821111,-73.935971,Manhattan,10039
8248,6422.09,40.751592278000004,-73.97169673399999,Manhattan,10017
8250,4354.07,40.68382604,-73.97632328,Brooklyn,11208
8253,5445.02,40.72066442,-73.98517977,Manhattan,10002
8262,8356.04,40.848867059,-73.90308499300001,The Bronx,10457
8282,6535.04,40.755167190721394,-74.00059908628464,Manhattan,10199
8283,6373.07,40.74965268472847,-73.9952078461647,Manhattan,10001
8286,7119.04,40.7729,-73.91614200000001,Queens,11102
8288,6996.01,40.77037429999999,-73.9286078,Queens,11102
8311,5406.04,40.71926081,-73.98178024,Manhattan,10009
8316,7888.10,40.819998999999996,-73.897263,The Bronx,10459
8321,6935.01,40.769219,-73.90100100000001,Queens,11370
8390,7922.01,40.820641875,-73.888320327,The Bronx,10474
8412,7995.04,40.824008226,-73.91097331,The Bronx,10451
8467,6283.05,40.74622874694195,-73.9161631464958,Queens,11104
8468,6966.04,40.7682,-73.9322662,Queens,11106
8473,6566.01,40.753702000000004,-73.958652,Manhattan,11109
8478,4446.01,40.686744299999994,-73.99063168,Brooklyn,11213
8485,5545.01,40.72412944090093,-73.97901266813278,Manhattan,10009
8492,7180.02,40.775647163,-73.950496793,Manhattan,10028
8494,4225.14,40.680691481,-73.99501109100001,Brooklyn,11231
8505,7304.08,40.78275,-73.97137,Manhattan,10024
8506,6361.03,40.749724388000004,-73.952207923,Queens,11101
8507,7737.06,40.808917165,-73.910938859,The Bronx,10454
8508,4556.08,40.69068758614303,-73.98347854614258,Brooklyn,11201
8519,8167.02,40.835234641999996,-73.895114779,The Bronx,10460
8526,8048.01,40.829025984,-73.905286193,The Bronx,10456
8527,5476.03,40.720873600000004,-73.98085795,Manhattan,10009
8556,8653.09,40.86874,-73.89657,The Bronx,10468
8604,4528.01,40.69064807082943,-73.95746178925037,Brooklyn,11205
8610,4987.06,40.704468131,-73.935078979,Brooklyn,11206
8612,8085.05,40.830663,-73.941323,Manhattan,10040
8621,7957.11,40.822215,-73.914688,The Bronx,10451
8623,5178.06,40.711863,-73.944024,Brooklyn,11206
8681,4452.03,40.68676793,-73.95928168,Brooklyn,11221
8689,7627.10,40.8011939,-73.9500739,Manhattan,10037
8690,6766.03,40.762507,-73.902534,Queens,11377
8701,5093.01,40.70853074,-73.96408963,Brooklyn,11249
8728,4543.07,40.68995,-73.9365,Brooklyn,11221
8779,6441.06,40.752270938374096,-73.98770570755005,Manhattan,10018
8785,2951.05,40.639698505,-74.00904631600001,Brooklyn,11220
8806,7865.09,40.817555,-73.957163,Manhattan,10027
8853,6260.04,40.74408,-73.92900999999999,Queens,11101
8877,5779.10,40.731297612,-73.982907176,Manhattan,10003
8878,4193.14,40.6809591,-73.99905709,Brooklyn,11231
8915,8081.01,40.829826355,-73.930987,The Bronx,10039
8917,8114.02,40.832040429,-73.892617106,The Bronx,10459
8918,7992.04,40.825125,-73.941616,Manhattan,10039
8925,7253.04,40.77896784,-73.97374737,Manhattan,10023
8973,6462.19,40.751047,-73.93796999999999,Queens,11101
8975,7623.13,40.8013434,-73.97114574390001,Manhattan,10025
8976,6498.09,40.75206862,-73.96784384,Manhattan,10158
8979,5043.06,40.70636,-73.91945,Brooklyn,11237
9197,6151.03,40.743,-73.93561,Queens,11101
9206,4560.01,40.69122,-73.91693000000001,Brooklyn,11221
9236,8160.03,40.835334,-73.9154,The Bronx,10456
9247,4861.05,40.7003,-73.99158100000001,Brooklyn,11201
9253,8407.03,40.85179019,-73.91642475100001,The Bronx,10453
9346,8115.01,40.832762957,-73.929405808,The Bronx,10452
9352,8175.06,40.837576,-73.910489,The Bronx,10456
9361,5190.07,40.71269042,-73.98776323,Manhattan,10002
9362,4856.05,40.70108,-73.9179,Brooklyn,11237
9447,7803.08,40.813295364,-73.930627704,The Bronx,10454
9448,5569.07,40.72303164,-74.00332260100001,Manhattan,10013
9451,4993.02,40.7047177,-74.00926027,Manhattan,10038
9452,4962.08,40.70365182,-74.01167797,Manhattan,10004
9456,7595.17,40.7969347,-73.9643412291,Manhattan,10025
9471,8196.02,40.839335,-73.886445,The Bronx,10460
9472,5545.04,40.72299208,-73.97995466,Manhattan,10009
9483,4066.15,40.676508069,-73.95286727,Brooklyn,11226
9489,4656.03,40.693398200000004,-73.939877,Brooklyn,11221
9544,6254.06,40.745251775,-73.95739305,Queens,11109
9586,7860.08,40.818215,-73.950988,Manhattan,10031
9600,7981.27,40.823993920999996,-73.954572201,Manhattan,10031
9620,5323.06,40.715341620424475,-73.93865078687669,Brooklyn,11211
9625,6605.08,40.756933200000006,-73.92622309999999,Queens,11106
9651,5854.10,40.732339777151054,-73.97898383438587,Manhattan,10009
9652,6025.08,40.73824937345944,-73.92737478017806,Queens,11101
9660,6306.01,40.745686,-74.00514100000001,Manhattan,10011
9662,5359.13,40.716885384953656,-74.00650128722191,Manhattan,10013
9664,6920.03,40.76583457,-73.98691833,Manhattan,10019
9672,8665.09,40.867723227,-73.91957283,Manhattan,10034
9708,8316.02,40.847329855,-73.9332335,Manhattan,10033
9734,5379.10,40.71745169,-73.95850939,Brooklyn,11249
9737,7967.04,40.822216999999995,-73.928939,The Bronx,10451
9738,8064.03,40.82995,-73.898802,The Bronx,10459
9869,4565.04,40.69102925677968,-73.99183362722397,Brooklyn,11217
9949,4467.03,40.686721999999996,-73.938988,Brooklyn,11221
10048,7798.02,40.812420964,-73.920266509,The Bronx,10454
10063,8167.04,40.836040258000004,-73.89312815699999,The Bronx,10460
10067,4565.07,40.6910363748993,-73.99201065301895,Brooklyn,11201
10082,5938.01,40.736167908,-73.984810829,Manhattan,10003
10216,5983.04,40.73787237950538,-73.92264068126678,Queens,11104
10280,8616.06,40.865525246,-73.928023338,Manhattan,10034
10440,5335.03,40.716133475,-73.982613444,Manhattan,10002
10520,6276.05,40.745502,-73.909887,Queens,11377
10542,5066.03,40.706894755,-73.906039238,Queens,11385
10549,5365.02,40.71739973,-73.98016555,Manhattan,10002
10611,7883.09,40.81872569990116,-73.88862490653993,The Bronx,10474
10615,5433.03,40.71907891179564,-73.94223690032959,Brooklyn,11222
10618,2782.02,40.635678999999996,-74.020005,Brooklyn,11220
10632,7942.07,40.821760774,-73.95353651,Manhattan,10031
10646,5073.07,40.708065823806464,-74.0135595202446,Manhattan,10006
10651,6349.03,40.74838,-73.90699000000001,Queens,11377
10660,3457.03,40.65482,-73.973217,Brooklyn,11218
10707,8586.09,40.863227367,-73.900995135,The Bronx,10468
10822,4732.04,40.69580705,-73.97355569,Brooklyn,11205
10830,3704.08,40.66407983678161,-73.96025128666679,Brooklyn,11225
10851,8226.05,40.84004,-73.942939,Manhattan,10032
10909,8133.08,40.833263993,-73.896624684,The Bronx,10456
10933,7820.05,40.814118624,-73.88566041,The Bronx,10474
10978,8157.06,40.835775,-73.9434,Manhattan,10032
11016,7987.14,40.823922753000005,-73.897380948,The Bronx,10459
11031,8340.05,40.846879,-73.907342,The Bronx,10457
11040,4672.01,40.695421456999995,-73.919568777,Brooklyn,11221
11148,7940.04,40.82123860172,-73.9173299074173,The Bronx,10455
11200,7618.01,40.80046,-73.92404,Manhattan,10454
11212,4587.02,40.691788316,-73.978646517,Brooklyn,11201
11300,8099.04,40.831762,-73.89685300000001,The Bronx,10459
11301,7047.07,40.772988439,-73.91123580899999,Queens,11101
11440,7790.04,40.81296,-73.941878,Manhattan,10030
11480,8613.09,40.864647508000004,-73.918588996,Manhattan,10034
11493,8514.05,40.858472,-73.90266,The Bronx,10468
11516,4205.06,40.67890679,-73.94142771,Brooklyn,11225
11563,7026.08,40.7713615,-73.9246145,Queens,11102
11619,8403.02,40.851746999999996,-73.908964,The Bronx,10457
11635,8734.02,40.87307,-73.88971,The Bronx,10468
11673,7735.05,40.810140000000004,-73.93973000000001,Manhattan,10037
11711,4591.04,40.69055,-73.91181,Brooklyn,11221
11723,6058.08,40.73941387498411,-73.92131969332695,Queens,11377
11758,4231.04,40.6804836,-73.9646795,Brooklyn,11238
11821,3394.03,40.651654,-73.98123100000001,Brooklyn,11223
11895,5241.02,40.714293242,-73.933174849,Brooklyn,11211
11920,4237.01,40.6814598,-73.934903,Brooklyn,11221
11941,6981.16,40.7701477,-73.9120938,Queens,11101
12011,4692.01,40.69573398,-73.97129668,Brooklyn,11205
12013,4517.03,40.689890000000005,-73.91458,Brooklyn,11221
12051,8089.05,40.831327,-73.946665,Manhattan,10031
12060,8041.07,40.827883,-73.927111,The Bronx,10451
12062,8384.03,40.850113392,-73.91269791100001,The Bronx,10453
12063,5578.02,40.724160552,-74.009682894,Manhattan,10013
12146,8226.07,40.842038155,-73.94205451,Manhattan,10032
12208,3376.02,40.651847,-73.965248,Brooklyn,11226
12211,6960.10,40.76873687,-73.96119945,Manhattan,10021
12212,4161.01,40.678594947,-73.903682828,Brooklyn,11207
12226,4148.07,40.67919439999999,-73.95879029999999,Brooklyn,11238
12227,4526.01,40.69047,-73.923511,Brooklyn,11221
12292,7744.06,40.810893,-73.927311,The Bronx,10454
12304,5065.10,40.70706456,-74.00731853,Manhattan,10038
12352,8635.08,40.867670000000004,-73.89286,The Bronx,10458
12354,5484.09,40.722055,-73.989111,Manhattan,10002
12379,7113.08,40.77518615,-73.94446054,Manhattan,10028
12398,7652.04,40.8013066,-73.93981670000001,Manhattan,10037
12405,4798.10,40.698884249,-73.900665879,Queens,11385
12425,6170.02,40.74232744,-73.95411749,Queens,11109
12444,8210.01,40.839278,-73.94544599999999,Manhattan,10032
12489,7170.04,40.776745,-73.90655799999999,Queens,11105
12554,6737.03,40.7614376,-73.9411265,Queens,11106
12561,8069.01,40.829522999999995,-73.94427900000001,Manhattan,10031
12575,4013.08,40.674706,-74.00755699999999,Kings County,11231
12585,6927.03,40.768442,-73.89353100000001,Queens,11370
12783,8465.01,40.854946999999996,-73.916661,The Bronx,10453
12818,8679.03,40.86932465640094,-73.91519755125046,Manhattan,10034
12972,6893.10,40.765834600000005,-73.9265474,Queens,11369
13014,2883.03,40.638246,-74.024714,Brooklyn,11220
13531,8285.11,40.845572233,-73.914367199,The Bronx,10453
13548,7726.02,40.808384000000004,-73.923604,The Bronx,10454
13717,7066.01,40.772899,-73.896849,Queens,11105
13718,4196.05,40.68012,-73.93168,Brooklyn,11233
13936,3776.05,40.666439306870814,-73.96055638790129,Brooklyn,11225
14164,8559.04,40.86169883507865,-73.91855701804161,Manhattan,10034
14197,3834.10,40.668662700000006,-73.97988067,Brooklyn,11215
14264,3125.09,40.644686936999996,-73.974587083,Brooklyn,11218
14327,7599.02,40.7989445,-73.944846,Manhattan,10029
14423,7636.05,40.802879453,-73.937855005,Manhattan,10035
14424,5696.03,40.7277140777778,-74.01129573583603,Manhattan,10282
14431,7504.18,40.791976,-73.945993,Manhattan,10029
14433,7769.06,40.812191,-73.937838,Manhattan,10037
14437,8358.10,40.848322749,-73.94136607600001,Manhattan,10040
14443,7971.07,40.82281,-73.937413,Manhattan,10039
14448,8619.02,40.86659,-73.89794,The Bronx,10468
14550,7913.15,40.819814444,-73.908361673,The Bronx,10456
14580,7669.10,40.805529236999995,-73.914736867,The Bronx,10454
14598,8005.08,40.824396014,-73.928110123,The Bronx,10451
14610,3093.07,40.642657995,-74.016921639,Brooklyn,11220
14722,8008.03,40.826303,-73.898751,The Bronx,10459
14770,7735.23,40.807559999999995,-73.93918199999999,Manhattan,10035
14831,7642.04,40.802620000000005,-73.9174,The Bronx,10454
14855,7935.07,40.820797682,-73.911745071,The Bronx,10451
14940,5288.08,40.71334184275907,-74.00935515761375,Manhattan,10003
14941,8108.02,40.83193624,-73.949705601,Manhattan,10031
14975,3315.05,40.651173,-74.01140500000001,Brooklyn,11232
15082,7918.12,40.819609,-73.916071,The Bronx,10455
15119,8065.13,40.829229999999995,-73.936996,Manhattan,10039
15290,8649.03,40.868410587,-73.888592005,The Bronx,10458
15344,4001.09,40.673890948,-73.963389397,Brooklyn,11238
15390,3856.03,40.668757,-73.966438,Brooklyn,11225
15410,8579.05,40.862562,-73.922661,Manhattan,10034
15415,5128.04,40.71117444,-73.99682619,Manhattan,10038
15456,7896.11,40.819823,-73.91241099999999,The Bronx,10455
15487,4354.05,40.685408473,-73.974336863,Brooklyn,11217
15547,4330.09,40.6843549,-73.98901629,Brooklyn,11217
15823,7983.04,40.825322,-73.88772900000001,The Bronx,10459
15977,3019.03,40.642558694,-74.025644898,Brooklyn,11220
16116,4202.04,40.679447411999995,-74.007885933,Brooklyn,11231
16243,3272.01,40.648055,-73.972432,Brooklyn,11218
16294,8072.06,40.83130549267296,-73.91744792461395,The Bronx,10456
16299,5273.01,40.714079499,-73.927943587,Brooklyn,11415
16304,8290.01,40.843955398,-73.921128035,The Bronx,10452
16333,4298.05,40.6829151,-73.99318208,Brooklyn,11217
16380,8111.07,40.83406,-73.92243,The Bronx,10452
16390,8172.07,40.83618,-73.939789,Manhattan,10032
16456,7707.08,40.807408,-73.91924,The Bronx,10454
16595,4850.04,40.69957608,-73.94708417,Brooklyn,11216
16621,4654.01,40.695170000000005,-73.90311,Queens,11385
16653,8579.03,40.863371849,-73.920714617,Manhattan,10034
16678,5115.05,40.7098,-73.91727,Queens,11237
16679,4648.03,40.693834066,-73.93116259600001,Brooklyn,11233
16869,4920.13,40.70188858913366,-74.01089876890181,Manhattan,10004
17000,8077.07,40.83012867,-73.923460603,The Bronx,10452
17043,7738.04,40.809495347779475,-73.94776493310928,Manhattan,10039
17044,4010.15,40.6729679,-73.97087984,Brooklyn,11217
17045,7655.22,40.802542566999996,-73.949127793,Manhattan,10037
17047,3905.15,40.67038370000001,-73.97839676,Brooklyn,11215
17049,8012.04,40.827062368,-73.907390475,The Bronx,10456
17051,7753.13,40.8107922,-73.9430681,Manhattan,10027
17052,4637.06,40.692418292578466,-73.98949474096298,Brooklyn,11201
17106,7740.08,40.80962348,-73.917891026,The Bronx,10454
17111,8647.10,40.86709406268147,-73.91729503870009,Manhattan,10034
17112,4258.07,40.681973338,-73.990773797,Brooklyn,11231
17141,5679.05,40.72706363348306,-73.99662137031554,Manhattan,10012
17180,6664.05,40.75742,-73.945133,Queens,11101
17252,4837.03,40.699675918000004,-73.902023435,Queens,11385
17277,8665.02,40.869898661940454,-73.92076313495636,Manhattan,10034
17321,6659.09,40.75863,-73.97513000000001,Manhattan,10022
17548,5539.06,40.721883297,-74.007769585,Manhattan,10013
17550,4853.06,40.70133448066992,-73.98471236228944,Brooklyn,11201
17572,3498.09,40.657265,-73.974165,Brooklyn,11215
17683,4996.08,40.70510918,-73.94407279,Brooklyn,11206
17685,7823.03,40.814388752,-73.959052086,Manhattan,10115
17686,7126.01,40.774645,-73.92370600000001,Queens,11106
17687,4816.02,40.699440956,-73.913068295,Queens,11385
17688,7543.15,40.795508,-73.94160600000001,Manhattan,10029
17690,7020.09,40.77140426,-73.9535166,Manhattan,10075
17692,5602.06,40.72511734422387,-73.99930492043495,Manhattan,10012
17693,4784.02,40.698568,-73.918877,Brooklyn,11237
17703,3588.01,40.659053,-73.98854,Brooklyn,11215
17731,8145.03,40.833909000000006,-73.92112,The Bronx,10452
17758,6611.05,40.75630628938069,-73.99951145061095,Manhattan,10199
17770,8550.01,40.860814000000005,-73.902541,The Bronx,10468
17783,8715.06,40.871390000000005,-73.91431800000001,Manhattan,10034
17826,3660.07,40.66090560000001,-73.98685228800001,Brooklyn,11215
17827,5515.02,40.72217444,-73.98368779,Manhattan,10009
17828,5125.03,40.710451,-73.960876,Brooklyn,11249
17829,5348.02,40.716887,-73.96319799999999,Brooklyn,11211
17831,5613.04,40.725770000000004,-73.94173,Brooklyn,11222
17920,5403.05,40.71929301,-73.94500379,Brooklyn,11211
18067,5503.01,40.72226,-73.93889,Brooklyn,11222
18068,6300.04,40.74653761978055,-73.93215849995612,Queens County,11101
18083,6319.01,40.74708586,-73.94977234,Queens,11101
18087,5123.07,40.708735585,-73.925655127,Brooklyn,11237
18108,5917.02,40.73565914819229,-73.93478840589523,Queens,11101
18153,8245.03,40.842675,-73.90854399999999,The Bronx,10457
18207,6234.04,40.74523592,-73.904643893,Queens,11377
18213,6486.07,40.752371999999994,-73.925384,Queens,11101
18214,5115.01,40.708713293,-73.915032864,Queens,11385
18272,5262.09,40.713126,-73.984844,Manhattan,10002
18910,8303.06,40.846130967,-73.909293652,The Bronx,10457
19035,7060.02,40.770885229,-73.88986814,Queens,11370
19051,8799.01,40.878250718000004,-73.891895294,The Bronx,10468
19321,8579.09,40.862638000000004,-73.92005999999999,Manhattan,10034
19512,7340.06,40.78414472,-73.98362492,Manhattan,10023
19528,8194.06,40.839549,-73.913004,The Bronx,10452
19601,8111.04,40.831810116999996,-73.922316313,The Bronx,10452
19847,8088.01,40.830940000000005,-73.91125,The Bronx,10456
19850,4357.01,40.684688687,-73.909201384,Brooklyn,11207
19897,8539.02,40.859494328000004,-73.91336858300001,The Bronx,10453
19948,3460.05,40.65572216797155,-74.01000827550887,Kings County,11232
19971,5024.10,40.706410755236135,-74.00559738278389,Manhattan,10004
19983,3611.02,40.659945,-73.97750400000001,Brooklyn,11215
20080,8734.04,40.87382,-73.88661,The Bronx,10458
20155,8703.05,40.871465087,-73.888364315,The Bronx,10458
20255,5406.02,40.71850211,-73.98329859,Manhattan,10002
20259,7812.01,40.813177586,-73.909429789,The Bronx,10455
20260,8307.05,40.845724106,-73.917312622,The Bronx,10452
20264,4546.04,40.68981035,-73.97493121,Brooklyn,11221
20268,4748.07,40.696232971293156,-73.99142056703569,Brooklyn,11201
20269,4695.04,40.69467,-73.90663,Brooklyn,11237
20276,6614.01,40.757186,-73.93271899999999,Queens,11106
20288,8052.02,40.82809,-73.91288,The Bronx,10456
20548,8187.04,40.838356614,-73.935985446,Manhattan,10032
20556,7868.05,40.817755,-73.92965,The Bronx,10451
20562,8076.08,40.8301283948092,-73.88630211353302,The Bronx,10459
20593,5411.08,40.71816969454208,-73.95520135760306,Brooklyn,11211
20634,3460.04,40.656316519,-74.00966036300001,Kings County,11232
20672,8096.03,40.83202517,-73.92732560600001,The Bronx,10452
20899,4700.06,40.69608941,-73.97803415,Brooklyn,11251
20914,8624.01,40.866005200000004,-73.904254892,The Bronx,10468
20933,4775.01,40.698083997,-73.912702084,Brooklyn,11237
21121,7849.10,40.816342999999996,-73.896447,The Bronx,10459
21128,8085.09,40.832314000000004,-73.94102,Manhattan,10032
21131,3428.02,40.654733181,-74.014224648,Brooklyn,11232
21136,8262.07,40.842957497,-73.93877542,Manhattan,10032
21139,6798.01,40.762813799999996,-73.9342862,Queens,11101
21237,4721.01,40.696744204,-73.928033352,Brooklyn,11221
21311,6183.03,40.7428,-73.89584,Queens,11377
21351,8323.05,40.847409999999996,-73.91135899999999,The Bronx,10453
21358,4921.04,40.70157340873792,-73.90876293182373,Queens,11237
21430,8543.01,40.861220479,-73.921449423,Manhattan,10034
21461,7571.01,40.79558,-73.91906,Manhattan,10035
21507,7098.05,40.7739825,-73.93091340000001,Queens,11102
21564,8428.05,40.853020668,-73.918424964,The Bronx,10453
21912,6662.09,40.75767234025041,-73.90769943594933,Queens,11377
22015,6212.08,40.7449067,-73.9534573,Queens,11101
22024,8547.04,40.862058000000005,-73.92971899999999,Manhattan,10040
22083,6134.03,40.7424,-73.91808,Queens,11377
22117,4735.03,40.69811,-73.90904,Brooklyn,11237
22201,7970.05,40.822529793,-73.90178263199999,The Bronx,10456
22495,8024.05,40.827126622,-73.893612266,The Bronx,10459
22543,7835.10,40.815880537,-73.911967516,The Bronx,10455
22569,8281.06,40.843264000000005,-73.90486700000001,The Bronx,10457
22699,6176.11,40.743540273428685,-73.9243519306183,Queens,11104
22735,6185.04,40.74283,-73.9321,Queens,11101
23059,6251.06,40.745453358,-73.921917915,Queens,11377
23138,7286.05,40.781715155,-73.945863962,Manhattan,10128
23140,6839.04,40.763025942805186,-73.97209525108337,Manhattan,10022
23322,8319.01,40.846363068,-73.90374684300001,The Bronx,10457
23325,8358.03,40.849977374,-73.938099623,Manhattan,10033
23425,6392.02,40.748909999999995,-73.90899,Queens,11377
23443,3532.02,40.659176,-74.006584,Kings County,11232
23497,5137.13,40.710323100000004,-74.0043228,Manhattan,10038
23555,5371.07,40.71766197083994,-73.94880026578903,Brooklyn,11211
23557,6225.03,40.74446,-73.89764,Queens,11377
23623,6200.03,40.74462,-73.91143000000001,Queens,11377
23792,3388.02,40.652512,-74.00890600000001,Brooklyn,11232
24028,6743.06,40.759576797,-73.914357305,Queens,11377
24035,7062.07,40.772768286288304,-73.9274364709854,Queens,11102
24127,6991.12,40.771142244,-73.957679868,Manhattan,10021
24135,4474.01,40.68858,-73.91226999999999,Brooklyn,11207
24160,7931.05,40.820216417,-73.903863907,The Bronx,10456
24218,4392.04,40.685112953,-73.941184759,Brooklyn,11221
24239,6076.02,40.74132720000001,-73.937999,Queens,11101
24356,3564.04,40.657742999999996,-74.001141,Brooklyn,11232
24438,5354.01,40.716657,-73.93637,Brooklyn,11222
24441,6276.02,40.746790000000004,-73.90893,Queens,11373
24459,5051.02,40.705403686,-73.92543149,Brooklyn,11237
24468,4137.14,40.67818387977647,-74.0170168876648,Brooklyn,11231
24486,6887.03,40.765475692449535,-73.91811579465866,Queens,11103
24719,6904.06,40.766368,-73.971518,Manhattan,10035
24838,4327.09,40.684097409,-73.949890733,Brooklyn,11216
24877,7625.18,40.800471663,-73.941915512,Manhattan,10035
25046,8397.02,40.850528359,-73.901298642,The Bronx,10457
25098,7450.05,40.794987899999995,-73.9333349,Manhattan,10035
25263,6795.01,40.76341379,-73.99667444,Manhattan,10036
25308,8348.02,40.84759748,-73.9221946,The Bronx,10453
25311,5869.04,40.732572913,-73.95824194,Brooklyn,11222
25314,7948.10,40.821937203000005,-73.896758914,The Bronx,10459
25319,4199.13,40.678934096999996,-73.971869111,Brooklyn,11217
25320,5743.02,40.729720711999995,-73.948666573,Brooklyn,11222
25323,4632.10,40.69296,-73.91605,Brooklyn,11221
25503,6067.01,40.74034668087185,-73.9288607239723,Queens,11377
25551,6951.03,40.7671,-73.9169858,Queens,11101
25688,3887.03,40.6686744,-73.9618148,Brooklyn,11225
25698,8353.02,40.847455025,-73.931254625,Manhattan,10040
25752,7639.06,40.801657,-73.909513,The Bronx,10454
25764,8104.10,40.832081,-73.942386,Manhattan,10032
25808,4441.06,40.68663,-73.9168,Brooklyn,11221
25815,7870.02,40.818837046999995,-73.902218699,The Bronx,10455
25851,8432.11,40.853187588619754,-73.92715752124786,Manhattan,10040
25854,7703.14,40.806970119,-73.911869764,The Bronx,10454
25965,8182.02,40.837037,-73.890413,The Bronx,10460
26017,8138.07,40.834464192,-73.939907432,Manhattan,10032
26166,6143.05,40.742156368277286,-73.92662644386293,Queens,11101
26172,5225.02,40.71246,-73.91873000000001,Queens,11385
26204,7952.02,40.821828841999995,-73.907525301,The Bronx,10456
26814,6334.03,40.7471482490328,-73.92902433872224,Queens,11101
26938,7563.06,40.796986222,-73.93714129899999,Manhattan,10035
26976,3283.05,40.650090218,-74.01551079800001,Brooklyn,11220
27009,8550.04,40.860079999999996,-73.90079,The Bronx,10468
27011,5045.05,40.70684203101325,-73.9544353965357,Brooklyn,11249
27129,3515.01,40.658029,-73.98960500000001,Brooklyn,11215
27130,8191.01,40.839137,-73.941409,Manhattan,10032
27143,8353.09,40.84925,-73.93021999999999,Manhattan,10033
27280,8590.01,40.862827778,-73.907159209,The Bronx,10468
27286,8811.01,40.8802945,-73.88606536479999,The Bronx,10468
27322,7220.01,40.77817595,-73.899564981,Queens,11105
27339,6750.16,40.760339,-73.9222427,Queens,11106
27346,6711.13,40.759057954185856,-73.91897544264793,Queens,11103
27709,6804.01,40.764496,-73.90463199999999,Queens,11103
27719,3117.05,40.644743,-74.003754,Brooklyn,11220
27761,7696.07,40.805650711,-73.934027433,Manhattan,10035
27809,4266.03,40.683116399999996,-73.99785267,Brooklyn,11231
27814,4645.04,40.69400964865994,-73.99465128779411,Brooklyn,11201
27815,6759.15,40.76108,-73.930562,Queens,11106
27821,8198.05,40.839312,-73.922423,The Bronx,10452
27849,6158.06,40.74324,-73.908,Queens,11377
27918,3243.02,40.649143,-74.012384,Brooklyn,11220
28013,3922.02,40.671907,-73.993612,Brooklyn,11215
28100,6267.08,40.74589,-73.89915,Queens,11377
28150,4095.03,40.6773429,-74.01275056,Brooklyn,11231
28152,4507.07,40.68906,-73.90505999999999,Brooklyn,11207
28195,3736.04,40.6642406,-73.9574686,Brooklyn,11225
28234,4033.06,40.67418060000001,-73.95649470000001,Brooklyn,11216
28349,7883.06,40.816567,-73.888161,The Bronx,10474
28435,6340.09,40.748949885,-73.899890304,Queens,11377
28588,3451.01,40.654098,-74.001131,Kings County,11232
28691,3847.04,40.6679411,-73.9588,Brooklyn,11225
28898,7767.06,40.812699199,-73.90174973,The Bronx,10455
28949,6110.01,40.740790725,-73.931529403,Queens,11101
29099,4334.02,40.684915661999995,-73.922751307,Brooklyn,11233
29180,8615.01,40.866463184000004,-73.89054632199999,The Bronx,10458
29284,8130.02,40.83263,-73.925101,The Bronx,10456
29311,8507.02,40.858865976,-73.92308688199999,Manhattan,10034
29452,4994.10,40.70413,-73.90737,Queens,11385
29487,3046.03,40.643871546,-73.977452755,Kings County,11218
29491,7844.05,40.816126000000004,-73.891559,The Bronx,10474
29675,7925.04,40.819993376999996,-73.959190965,Manhattan,10115
29747,8179.03,40.836709142,-73.918329835,The Bronx,10452
29748,7692.11,40.8067581,-73.9607082,Manhattan,10027
29750,7580.01,40.797372100000004,-73.97041192,Manhattan,10025
29751,7052.01,40.771661282,-73.982690096,Manhattan,10107
29770,4617.01,40.69237074,-73.93705428,Brooklyn,11221
29807,8425.01,40.853685999999996,-73.912498,The Bronx,10453
29915,4124.04,40.680356084043396,-73.94767910242079,Brooklyn,11216
29918,7514.01,40.793459999999996,-73.92389,Manhattan,10454
30103,8236.01,40.841203809,-73.89245510100001,The Bronx,10457
30162,3129.08,40.643304706,-74.011746883,Brooklyn,11220
30256,3426.02,40.653368,-73.976291,Brooklyn,11218
30335,4963.13,40.704609999999995,-73.91054,Queens,11385
30470,8474.02,40.856468678,-73.932925344,Manhattan,10040
30658,5473.03,40.721579999999996,-73.94546,Brooklyn,11222
30719,6307.07,40.7471,-73.9028,Queens,11377
30810,8491.07,40.857164621,-73.92722010600001,Manhattan,10040
30891,8583.02,40.86308825,-73.92708993,Manhattan,10040
31039,8025.01,40.82660675,-73.929278016,The Bronx,10451
31050,6621.06,40.757310629,-73.904597759,Queens,11369
31150,4128.08,40.677779913,-74.009406686,Brooklyn,11231
31172,6134.13,40.741119944681465,-73.92103672027588,Queens,11377
31173,4965.01,40.70411791,-73.94818595,Brooklyn,11221
31303,3707.01,40.662507534,-73.99848961800001,Kings County,11232
31340,7915.11,40.820681,-73.945144,Manhattan,10030
31341,6459.07,40.752719402,-74.002572894,Manhattan,10001
31343,5436.09,40.72082834,-73.97793172,Manhattan,10009
31344,7851.04,40.815484000000005,-73.935856,Manhattan,10037
31345,4677.06,40.6942715,-73.9923272,Brooklyn,11231
31346,8156.03,40.83617913677475,-73.90730146322765,The Bronx,10456
31347,6209.05,40.7448062877224,-73.91728967428206,Queens,11377
31348,7128.08,40.773763,-73.96222088,Manhattan,10021
31351,4812.04,40.699569,-73.979827,Brooklyn,11251
31354,7039.03,40.771203,-73.903865,Queens,11370
31364,7853.01,40.816124,-73.908116,The Bronx,10455
31521,7032.06,40.772092,-73.895166,Queens,11370
31582,7830.03,40.814303756,-73.903860927,The Bronx,10455
31664,3379.03,40.652657,-74.002356,Kings County,11232
31896,7966.02,40.82394,-73.894025,The Bronx,10459
32381,4781.05,40.698477000000004,-73.98384,Brooklyn,11201
32495,3347.03,40.651354,-74.00716800000001,Brooklyn,11232
32640,8344.09,40.849715352,-73.916129947,The Bronx,10453
32805,6398.08,40.74848023448579,-73.98255586624146,Manhattan,10016
33000,8639.01,40.866899,-73.901942,The Bronx,10468
33144,4261.03,40.68143,-73.92565,Brooklyn,11233
33288,7858.02,40.817264318,-73.914810538,The Bronx,10455
33598,5140.06,40.709897,-73.94008000000001,Brooklyn,11211
33600,3811.05,40.666197,-73.99246600000001,Brooklyn,11215
33618,8441.05,40.853636621999996,-73.908745289,The Bronx,10453
33864,8643.01,40.86571,-73.90857,The Bronx,10468
33957,3356.05,40.652502,-74.013587,Brooklyn,11232
34203,8153.10,40.835798,-73.937496,Manhattan,10032
34667,4342.04,40.684870000000004,-73.9293,Brooklyn,11233
35177,8795.01,40.87949276,-73.88520503,The Bronx,10467
35411,8478.11,40.855567336,-73.905528665,The Bronx,10453
35457,7816.14,40.81437552,-73.915350199,The Bronx,10455
35459,6735.03,40.760178328,-73.907156467,Queens,11377
36790,3135.04,40.644366999999995,-73.984276,Brooklyn,11218
36964,8752.01,40.874633074,-73.892037749,The Bronx,10468
37249,8636.04,40.867357,-73.92936,Manhattan,10034
38255,8483.02,40.85514462,-73.91279625899999,The Bronx,10453
38661,8738.01,40.873870000000004,-73.89533,The Bronx,10468
38980,8040.03,40.826706,-73.888719,The Bronx,10459
41785,7626.02,40.800933,-73.913863,The Bronx,10454
42499,8129.02,40.834146261,-73.88951993,The Bronx,10460
43685,6426.05,40.750479999999996,-73.90513,Queens,11377
44843,8841.03,40.882259999999995,-73.88701999999999,The Bronx,10463
44846,8494.01,40.856708018312546,-73.90265285968779,The Bronx,10453
45007,8095.06,40.832171,-73.889686,The Bronx,10460
45012,8711.02,40.873197198,-73.906548738,The Bronx,10468
45429,6137.04,40.7423737,-73.9566,Queens,11109
45439,7613.04,40.800592660999996,-73.911056638,The Bronx,10454
45679,3547.04,40.658489,-73.985543,Brooklyn,11215
46693,3199.01,40.647628307,-73.973773122,Brooklyn,11218
46705,6460.06,40.75201,-73.89986,Queens,11377
46717,5992.02,40.737866282,-73.930199862,Queens,11101
47192,8218.04,40.838969231,-73.926117897,The Bronx,10452
47747,7363.04,40.783929467,-73.91224896899999,Queens,11105
47855,8021.11,40.827133804235565,-73.9227358996868,The Bronx,10451
48784,8715.01,40.872412,-73.912807,Manhattan,10034
49917,8049.05,40.826881,-73.941427,Manhattan,10031
50097,8233.01,40.840536,-73.919228,The Bronx,10452
50651,7009.06,40.769673,-73.906018,Queens,11105
51736,6001.01,40.738663454653064,-73.94093804061413,Queens,11101
52142,3739.06,40.665507,-73.993037,Brooklyn,11215
53036,6579.03,40.75574,-73.90342700000001,Queens,11377
53082,8080.01,40.830529,-73.894717,The Bronx,10459
54026,8496.01,40.856966971999995,-73.935655355,Manhattan,10040
54664,8676.01,40.870777607,-73.906741142,The Bronx,10463
56869,6417.04,40.750640392,-73.897712708,Queens,11377
56906,8778.01,40.876269221,-73.883624554,The Bronx,10458
57372,6587.04,40.755389,-73.911517,Queens,11373
57398,8563.06,40.861440778,-73.925523758,Manhattan,10040
58150,4086.05,40.6769993,-74.00647134,Brooklyn,11231
58361,6234.03,40.745500088,-73.90615630100001,Queens,11377
58502,8416.10,40.852360845,-73.931193233,Manhattan,10033
59418,3084.05,40.642703000000004,-74.00944100000001,Kings County,11220
60107,3000.08,40.640831,-74.01099599999999,Kings County,11220
60950,8667.01,40.869509101,-73.891459942,The Bronx,10458
60965,8107.10,40.831576824,-73.914959073,The Bronx,10456
60994,6149.02,40.74334,-73.89903000000001,Queens,11378
61187,7163.07,40.775415,-73.900063,Queens,11105
61529,8044.09,40.827301,-73.896372,The Bronx,10459
61631,3306.03,40.649983,-74.005144,Brooklyn,11232
61637,6401.01,40.750181,-73.91999799999999,Queens,11101
61712,4325.03,40.684909999999995,-73.91493,Brooklyn,11212
61726,8152.03,40.835441709,-73.901552677,The Bronx,10456
62214,3233.06,40.647104999999996,-74.004483,Brooklyn,11220
63252,4374.01,40.68512559515415,-74.02535319328308,Manhattan,10004
65217,8520.01,40.85848403,-73.909923792,The Bronx,10468
65904,4491.09,40.688131928000004,-73.92690861199999,Brooklyn,11221
67244,7905.05,40.818743,-73.890247,The Bronx,10474
67415,6383.02,40.74958,-73.90256,Queens,11377
68881,8144.09,40.836241484,-73.884356976,The Bronx,10460
69468,2912.08,40.638196,-74.013821,Brooklyn,11220
70395,2971.02,40.639896989,-74.023529649,Kings County,11220
71030,8766.03,40.875528931999995,-73.88634657899999,The Bronx,10468
71049,8278.05,40.844044,-73.933651,Manhattan,10033
73287,8206.17,40.839443,-73.937044,Manhattan,10032
75304,8277.03,40.843204141,-73.900210738,The Bronx,10457
77959,8149.09,40.834509015,-73.928415298,The Bronx,10452
78391,4179.03,40.67853,-73.91642,Brooklyn,11207
78488,4087.01,40.67621,-73.90351,Brooklyn,11233
78713,7940.02,40.820570000000004,-73.917579,The Bronx,10455
78784,4293.05,40.68158,-73.91959,Brooklyn,11207
79255,4187.04,40.67923,-73.92588,Brooklyn,11207
80399,8209.01,40.83899,-73.9109,The Bronx,10457
80839,4440.02,40.687065798759114,-74.01675585121666,Manhattan,10004
85902,2733.03,40.633385,-74.016562,Brooklyn,11220
85944,8535.01,40.858388543000004,-73.906558275,The Bronx,10453
85969,7876.07,40.81900581806558,-73.94476890563966,Manhattan,10030
87422,4628.05,40.69196566,-73.9813018,Brooklyn,11201
88135,8732.04,40.873057961,-73.918190002,Manhattan,10034
88585,3056.05,40.643546,-73.986418,Brooklyn,11218
91300,8555.05,40.860488534,-73.909199119,The Bronx,10468
91920,8441.01,40.85322,-73.90545999999999,The Bronx,10453
91969,4203.04,40.679434061,-73.904692292,Brooklyn,11233
96336,8183.08,40.83670566862804,-73.92608866095544,The Bronx,10452
100147,8535.09,40.860446810999996,-73.905845881,The Bronx,10468
102502,6819.15,40.763049364000004,-73.92067039,Queens,11103
103036,8696.05,40.871131659,-73.91144359100001,Manhattan,10034
104461,5368.03,40.71759894980997,-74.01587963104248,Manhattan,10282
105844,8720.02,40.87144520687118,-73.89289632439612,The Bronx,10468
105940,8469.05,40.85589030603889,-73.92708241939546,Manhattan,10040
106709,4170.08,40.678738832,-73.911097169,Brooklyn,11233
108729,3507.04,40.656633,-73.983864,Brooklyn,11215
109412,5002.09,40.705718637,-73.91285061800001,Queens,11385
112805,7178.02,40.776165,-73.9153175,Queens,11105
115685,8597.01,40.865741968,-73.887741446,The Bronx,10458
127157,6468.01,40.75098,-73.90799,Queens,11377
154180,8362.09,40.850121,-73.910765,The Bronx,10453
162775,4956.02,40.7031724,-73.940636,Brooklyn,11211
168531,6167.03,40.7429,-73.91395,Queens,11104
168978,8061.01,40.830179,-73.928747,The Bronx,10452
178359,5074.08,40.707888007,-73.910997987,Queens,11385
179583,7034.09,40.77171710520828,-73.93159255385399,Queens,11102
196524,6191.04,40.742636561,-73.90285205800001,Queens,11377
200356,4253.02,40.681465884812205,-73.9141568541527,Brooklyn,11212
238715,7719.13,40.807249665,-73.908053279,The Bronx,10454
254219,8632.07,40.866141,-73.922648,Manhattan,10034
260115,3019.02,40.640420675,-74.025562882,Brooklyn,11220
1679164,6514.08,40.755243,-73.94856800000001,Queens,11101
